掲載日,書名,著者名,価格,当月合計冊数,出版社名
2019/12/20,【タテコミ】その魔女を放せ（1）【フルカラー】,[著]二目,60,0,[発行]閲文漫画
2019/12/20,【タテコミ】その魔女を放せ（2）【フルカラー】,[著]二目,60,0,[発行]閲文漫画
2019/12/20,【タテコミ】その魔女を放せ（3）【フルカラー】,[著]二目,60,0,[発行]閲文漫画
2019/12/20,【タテコミ】その魔女を放せ（4）【フルカラー】,[著]二目,30,19,[発行]閲文漫画
2019/12/20,【タテコミ】その魔女を放せ（4）【フルカラー】,[著]二目,60,6,[発行]閲文漫画
2019/12/20,【タテコミ】その魔女を放せ（5）【フルカラー】,[著]二目,30,15,[発行]閲文漫画
2019/12/20,【タテコミ】その魔女を放せ（5）【フルカラー】,[著]二目,60,6,[発行]閲文漫画
2019/12/27,【タテコミ】その魔女を放せ（6）【フルカラー】,[著]二目,30,13,[発行]閲文漫画
2019/12/27,【タテコミ】その魔女を放せ（6）【フルカラー】,[著]二目,60,5,[発行]閲文漫画
2019/12/27,【タテコミ】その魔女を放せ（7）【フルカラー】,[著]二目,30,13,[発行]閲文漫画
2019/12/27,【タテコミ】その魔女を放せ（7）【フルカラー】,[著]二目,60,4,[発行]閲文漫画
2020/01/03,【タテコミ】その魔女を放せ（8）【フルカラー】,[著]二目,30,11,[発行]閲文漫画
2020/01/03,【タテコミ】その魔女を放せ（8）【フルカラー】,[著]二目,60,4,[発行]閲文漫画
2020/01/03,【タテコミ】その魔女を放せ（9）【フルカラー】,[著]二目,30,11,[発行]閲文漫画
2020/01/03,【タテコミ】その魔女を放せ（9）【フルカラー】,[著]二目,60,4,[発行]閲文漫画
2020/01/10,【タテコミ】その魔女を放せ（10）【フルカラー】,[著]二目,30,11,[発行]閲文漫画
2020/01/10,【タテコミ】その魔女を放せ（10）【フルカラー】,[著]二目,60,4,[発行]閲文漫画
2020/01/10,【タテコミ】その魔女を放せ（11）【フルカラー】,[著]二目,30,11,[発行]閲文漫画
2020/01/10,【タテコミ】その魔女を放せ（11）【フルカラー】,[著]二目,60,4,[発行]閲文漫画
2020/01/17,【タテコミ】その魔女を放せ（12）【フルカラー】,[著]二目,30,11,[発行]閲文漫画
2020/01/17,【タテコミ】その魔女を放せ（12）【フルカラー】,[著]二目,60,4,[発行]閲文漫画
2020/01/17,【タテコミ】その魔女を放せ（13）【フルカラー】,[著]二目,30,10,[発行]閲文漫画
2020/01/17,【タテコミ】その魔女を放せ（13）【フルカラー】,[著]二目,60,4,[発行]閲文漫画
2020/01/24,【タテコミ】その魔女を放せ（14）【フルカラー】,[著]二目,30,10,[発行]閲文漫画
2020/01/24,【タテコミ】その魔女を放せ（14）【フルカラー】,[著]二目,60,5,[発行]閲文漫画
2020/01/24,【タテコミ】その魔女を放せ（15）【フルカラー】,[著]二目,30,10,[発行]閲文漫画
2020/01/24,【タテコミ】その魔女を放せ（15）【フルカラー】,[著]二目,60,4,[発行]閲文漫画
2020/01/31,【タテコミ】その魔女を放せ（16）【フルカラー】,[著]二目,30,9,[発行]閲文漫画
2020/01/31,【タテコミ】その魔女を放せ（16）【フルカラー】,[著]二目,60,5,[発行]閲文漫画
2020/01/31,【タテコミ】その魔女を放せ（17）【フルカラー】,[著]二目,30,9,[発行]閲文漫画
2020/01/31,【タテコミ】その魔女を放せ（17）【フルカラー】,[著]二目,60,4,[発行]閲文漫画
2020/02/07,【タテコミ】その魔女を放せ（18）【フルカラー】,[著]二目,30,10,[発行]閲文漫画
2020/02/07,【タテコミ】その魔女を放せ（18）【フルカラー】,[著]二目,60,4,[発行]閲文漫画
2020/02/07,【タテコミ】その魔女を放せ（19）【フルカラー】,[著]二目,30,9,[発行]閲文漫画
2020/02/07,【タテコミ】その魔女を放せ（19）【フルカラー】,[著]二目,60,4,[発行]閲文漫画
2020/02/14,【タテコミ】その魔女を放せ（20）【フルカラー】,[著]二目,30,9,[発行]閲文漫画
2020/02/14,【タテコミ】その魔女を放せ（20）【フルカラー】,[著]二目,60,4,[発行]閲文漫画
2020/02/14,【タテコミ】その魔女を放せ（21）【フルカラー】,[著]二目,10,11,[発行]閲文漫画
2020/02/14,【タテコミ】その魔女を放せ（21）【フルカラー】,[著]二目,30,9,[発行]閲文漫画
2020/02/14,【タテコミ】その魔女を放せ（21）【フルカラー】,[著]二目,60,5,[発行]閲文漫画
2020/02/21,【タテコミ】その魔女を放せ（22）【フルカラー】,[著]二目,10,11,[発行]閲文漫画
2020/02/21,【タテコミ】その魔女を放せ（22）【フルカラー】,[著]二目,30,10,[発行]閲文漫画
2020/02/21,【タテコミ】その魔女を放せ（22）【フルカラー】,[著]二目,60,5,[発行]閲文漫画
2020/02/21,【タテコミ】その魔女を放せ（23）【フルカラー】,[著]二目,10,10,[発行]閲文漫画
2020/02/21,【タテコミ】その魔女を放せ（23）【フルカラー】,[著]二目,30,9,[発行]閲文漫画
2020/02/21,【タテコミ】その魔女を放せ（23）【フルカラー】,[著]二目,60,6,[発行]閲文漫画
2020/02/28,【タテコミ】その魔女を放せ（24）【フルカラー】,[著]二目,10,10,[発行]閲文漫画
2020/02/28,【タテコミ】その魔女を放せ（24）【フルカラー】,[著]二目,30,9,[発行]閲文漫画
2020/02/28,【タテコミ】その魔女を放せ（24）【フルカラー】,[著]二目,60,5,[発行]閲文漫画
2020/02/28,【タテコミ】その魔女を放せ（25）【フルカラー】,[著]二目,10,9,[発行]閲文漫画
2020/02/28,【タテコミ】その魔女を放せ（25）【フルカラー】,[著]二目,30,9,[発行]閲文漫画
2020/02/28,【タテコミ】その魔女を放せ（25）【フルカラー】,[著]二目,60,5,[発行]閲文漫画
2020/03/06,【タテコミ】その魔女を放せ（26）【フルカラー】,[著]二目,10,9,[発行]閲文漫画
2020/03/06,【タテコミ】その魔女を放せ（26）【フルカラー】,[著]二目,30,9,[発行]閲文漫画
2020/03/06,【タテコミ】その魔女を放せ（26）【フルカラー】,[著]二目,60,5,[発行]閲文漫画
2020/03/06,【タテコミ】その魔女を放せ（27）【フルカラー】,[著]二目,10,9,[発行]閲文漫画
2020/03/06,【タテコミ】その魔女を放せ（27）【フルカラー】,[著]二目,30,8,[発行]閲文漫画
2020/03/06,【タテコミ】その魔女を放せ（27）【フルカラー】,[著]二目,60,5,[発行]閲文漫画
2020/03/13,【タテコミ】その魔女を放せ（28）【フルカラー】,[著]二目,10,9,[発行]閲文漫画
2020/03/13,【タテコミ】その魔女を放せ（28）【フルカラー】,[著]二目,30,9,[発行]閲文漫画
2020/03/13,【タテコミ】その魔女を放せ（28）【フルカラー】,[著]二目,60,5,[発行]閲文漫画
2020/03/13,【タテコミ】その魔女を放せ（29）【フルカラー】,[著]二目,10,9,[発行]閲文漫画
2020/03/13,【タテコミ】その魔女を放せ（29）【フルカラー】,[著]二目,30,9,[発行]閲文漫画
2020/03/13,【タテコミ】その魔女を放せ（29）【フルカラー】,[著]二目,60,5,[発行]閲文漫画
2020/03/20,【タテコミ】その魔女を放せ（30）【フルカラー】,[著]二目,10,8,[発行]閲文漫画
2020/03/20,【タテコミ】その魔女を放せ（30）【フルカラー】,[著]二目,30,8,[発行]閲文漫画
2020/03/20,【タテコミ】その魔女を放せ（30）【フルカラー】,[著]二目,60,6,[発行]閲文漫画
2020/03/20,【タテコミ】その魔女を放せ（31）【フルカラー】,[著]二目,10,8,[発行]閲文漫画
2020/03/20,【タテコミ】その魔女を放せ（31）【フルカラー】,[著]二目,30,8,[発行]閲文漫画
2020/03/20,【タテコミ】その魔女を放せ（31）【フルカラー】,[著]二目,60,5,[発行]閲文漫画
2020/03/27,【タテコミ】その魔女を放せ（32）【フルカラー】,[著]二目,10,8,[発行]閲文漫画
2020/03/27,【タテコミ】その魔女を放せ（32）【フルカラー】,[著]二目,30,7,[発行]閲文漫画
2020/03/27,【タテコミ】その魔女を放せ（32）【フルカラー】,[著]二目,60,6,[発行]閲文漫画
2020/03/27,【タテコミ】その魔女を放せ（33）【フルカラー】,[著]二目,10,8,[発行]閲文漫画
2020/03/27,【タテコミ】その魔女を放せ（33）【フルカラー】,[著]二目,30,8,[発行]閲文漫画
2020/03/27,【タテコミ】その魔女を放せ（33）【フルカラー】,[著]二目,60,4,[発行]閲文漫画
2020/04/03,【タテコミ】その魔女を放せ（34）【フルカラー】,[著]二目,10,8,[発行]閲文漫画
2020/04/03,【タテコミ】その魔女を放せ（34）【フルカラー】,[著]二目,30,8,[発行]閲文漫画
2020/04/03,【タテコミ】その魔女を放せ（34）【フルカラー】,[著]二目,60,4,[発行]閲文漫画
2020/04/03,【タテコミ】その魔女を放せ（35）【フルカラー】,[著]二目,10,8,[発行]閲文漫画
2020/04/03,【タテコミ】その魔女を放せ（35）【フルカラー】,[著]二目,30,8,[発行]閲文漫画
2020/04/03,【タテコミ】その魔女を放せ（35）【フルカラー】,[著]二目,60,4,[発行]閲文漫画
2020/04/10,【タテコミ】その魔女を放せ（36）【フルカラー】,[著]二目,10,8,[発行]閲文漫画
2020/04/10,【タテコミ】その魔女を放せ（36）【フルカラー】,[著]二目,30,8,[発行]閲文漫画
2020/04/10,【タテコミ】その魔女を放せ（36）【フルカラー】,[著]二目,60,4,[発行]閲文漫画
2020/04/10,【タテコミ】その魔女を放せ（37）【フルカラー】,[著]二目,10,8,[発行]閲文漫画
2020/04/10,【タテコミ】その魔女を放せ（37）【フルカラー】,[著]二目,30,8,[発行]閲文漫画
2020/04/10,【タテコミ】その魔女を放せ（37）【フルカラー】,[著]二目,60,4,[発行]閲文漫画
2020/04/17,【タテコミ】その魔女を放せ（38）【フルカラー】,[著]二目,10,8,[発行]閲文漫画
2020/04/17,【タテコミ】その魔女を放せ（38）【フルカラー】,[著]二目,30,9,[発行]閲文漫画
2020/04/17,【タテコミ】その魔女を放せ（38）【フルカラー】,[著]二目,60,4,[発行]閲文漫画
2020/04/17,【タテコミ】その魔女を放せ（39）【フルカラー】,[著]二目,10,8,[発行]閲文漫画
2020/04/17,【タテコミ】その魔女を放せ（39）【フルカラー】,[著]二目,30,7,[発行]閲文漫画
2020/04/17,【タテコミ】その魔女を放せ（39）【フルカラー】,[著]二目,60,6,[発行]閲文漫画
2020/04/24,【タテコミ】その魔女を放せ（40）【フルカラー】,[著]二目,10,8,[発行]閲文漫画
2020/04/24,【タテコミ】その魔女を放せ（40）【フルカラー】,[著]二目,30,8,[発行]閲文漫画
2020/04/24,【タテコミ】その魔女を放せ（40）【フルカラー】,[著]二目,60,5,[発行]閲文漫画
2020/04/24,【タテコミ】その魔女を放せ（41）【フルカラー】,[著]二目,10,8,[発行]閲文漫画
2020/04/24,【タテコミ】その魔女を放せ（41）【フルカラー】,[著]二目,30,8,[発行]閲文漫画
2020/04/24,【タテコミ】その魔女を放せ（41）【フルカラー】,[著]二目,60,5,[発行]閲文漫画
2020/05/01,【タテコミ】その魔女を放せ（42）【フルカラー】,[著]二目,10,8,[発行]閲文漫画
2020/05/01,【タテコミ】その魔女を放せ（42）【フルカラー】,[著]二目,30,8,[発行]閲文漫画
2020/05/01,【タテコミ】その魔女を放せ（42）【フルカラー】,[著]二目,60,5,[発行]閲文漫画
2020/02/21,【タテコミ】赤い実の花は白（1）【フルカラー】,[著]IIE STAR,50,0,[発行]IIE STAR
2020/02/21,【タテコミ】赤い実の花は白（2）【フルカラー】,[著]IIE STAR,50,0,[発行]IIE STAR
2020/02/21,【タテコミ】赤い実の花は白（3）【フルカラー】,[著]IIE STAR,50,0,[発行]IIE STAR
2020/02/21,【タテコミ】赤い実の花は白（4）【フルカラー】,[著]IIE STAR,50,0,[発行]IIE STAR
2020/02/21,【タテコミ】赤い実の花は白（5）【フルカラー】,[著]IIE STAR,20,0,[発行]IIE STAR
2020/02/21,【タテコミ】赤い実の花は白（5）【フルカラー】,[著]IIE STAR,50,0,[発行]IIE STAR
2020/02/21,【タテコミ】赤い実の花は白（6）【フルカラー】,[著]IIE STAR,20,0,[発行]IIE STAR
2020/02/21,【タテコミ】赤い実の花は白（6）【フルカラー】,[著]IIE STAR,50,0,[発行]IIE STAR
2020/02/21,【タテコミ】赤い実の花は白（7）【フルカラー】,[著]IIE STAR,20,0,[発行]IIE STAR
2020/02/21,【タテコミ】赤い実の花は白（7）【フルカラー】,[著]IIE STAR,50,0,[発行]IIE STAR
2020/02/21,【タテコミ】赤い実の花は白（8）【フルカラー】,[著]IIE STAR,20,0,[発行]IIE STAR
2020/02/21,【タテコミ】赤い実の花は白（8）【フルカラー】,[著]IIE STAR,50,0,[発行]IIE STAR
2020/02/21,【タテコミ】赤い実の花は白（9）【フルカラー】,[著]IIE STAR,20,0,[発行]IIE STAR
2020/02/21,【タテコミ】赤い実の花は白（9）【フルカラー】,[著]IIE STAR,50,0,[発行]IIE STAR
2020/02/21,【タテコミ】赤い実の花は白（10）【フルカラー】,[著]IIE STAR,20,0,[発行]IIE STAR
2020/02/21,【タテコミ】赤い実の花は白（10）【フルカラー】,[著]IIE STAR,50,0,[発行]IIE STAR
2020/02/28,【タテコミ】赤い実の花は白（11）【フルカラー】,[著]IIE STAR,20,0,[発行]IIE STAR
2020/02/28,【タテコミ】赤い実の花は白（11）【フルカラー】,[著]IIE STAR,50,0,[発行]IIE STAR
2020/03/06,【タテコミ】赤い実の花は白（12）【フルカラー】,[著]IIE STAR,20,0,[発行]IIE STAR
2020/03/06,【タテコミ】赤い実の花は白（12）【フルカラー】,[著]IIE STAR,50,0,[発行]IIE STAR
2020/03/13,【タテコミ】赤い実の花は白（13）【フルカラー】,[著]IIE STAR,20,0,[発行]IIE STAR
2020/03/13,【タテコミ】赤い実の花は白（13）【フルカラー】,[著]IIE STAR,50,0,[発行]IIE STAR
2020/03/20,【タテコミ】赤い実の花は白（14）【フルカラー】,[著]IIE STAR,20,0,[発行]IIE STAR
2020/03/20,【タテコミ】赤い実の花は白（14）【フルカラー】,[著]IIE STAR,50,0,[発行]IIE STAR
2020/03/27,【タテコミ】赤い実の花は白（15）【フルカラー】,[著]IIE STAR,20,0,[発行]IIE STAR
2020/03/27,【タテコミ】赤い実の花は白（15）【フルカラー】,[著]IIE STAR,50,0,[発行]IIE STAR
2020/04/03,【タテコミ】赤い実の花は白（16）【フルカラー】,[著]IIE STAR,20,0,[発行]IIE STAR
2020/04/03,【タテコミ】赤い実の花は白（16）【フルカラー】,[著]IIE STAR,50,0,[発行]IIE STAR
2020/04/10,【タテコミ】赤い実の花は白（17）【フルカラー】,[著]IIE STAR,20,0,[発行]IIE STAR
2020/04/10,【タテコミ】赤い実の花は白（17）【フルカラー】,[著]IIE STAR,50,0,[発行]IIE STAR
2020/04/17,【タテコミ】赤い実の花は白（18）【フルカラー】,[著]IIE STAR,20,0,[発行]IIE STAR
2020/04/17,【タテコミ】赤い実の花は白（18）【フルカラー】,[著]IIE STAR,50,0,[発行]IIE STAR
2020/04/24,【タテコミ】赤い実の花は白（19）【フルカラー】,[著]IIE STAR,20,0,[発行]IIE STAR
2020/04/24,【タテコミ】赤い実の花は白（19）【フルカラー】,[著]IIE STAR,50,0,[発行]IIE STAR
2020/05/01,【タテコミ】赤い実の花は白（20）【フルカラー】,[著]IIE STAR,20,0,[発行]IIE STAR
2020/05/01,【タテコミ】赤い実の花は白（20）【フルカラー】,[著]IIE STAR,50,0,[発行]IIE STAR
2020/06/05,【タテコミ】赤い実の花は白（21）【フルカラー】,[著]IIE STAR,20,0,[発行]IIE STAR
2020/06/05,【タテコミ】赤い実の花は白（21）【フルカラー】,[著]IIE STAR,50,0,[発行]IIE STAR
2020/06/12,【タテコミ】赤い実の花は白（22）【フルカラー】,[著]IIE STAR,20,0,[発行]IIE STAR
2020/06/12,【タテコミ】赤い実の花は白（22）【フルカラー】,[著]IIE STAR,50,0,[発行]IIE STAR
2020/06/19,【タテコミ】赤い実の花は白（23）【フルカラー】,[著]IIE STAR,20,0,[発行]IIE STAR
2020/06/19,【タテコミ】赤い実の花は白（23）【フルカラー】,[著]IIE STAR,50,0,[発行]IIE STAR
2020/06/26,【タテコミ】赤い実の花は白（24）【フルカラー】,[著]IIE STAR,20,0,[発行]IIE STAR
2020/06/26,【タテコミ】赤い実の花は白（24）【フルカラー】,[著]IIE STAR,50,0,[発行]IIE STAR
2020/06/12,【タテコミ】その魔女を放せ（43）【フルカラー】,[著]二目,10,8,[発行]閲文漫画
2020/06/12,【タテコミ】その魔女を放せ（43）【フルカラー】,[著]二目,30,8,[発行]閲文漫画
2020/06/12,【タテコミ】その魔女を放せ（43）【フルカラー】,[著]二目,60,5,[発行]閲文漫画
2020/06/19,【タテコミ】その魔女を放せ（44）【フルカラー】,[著]二目,10,8,[発行]閲文漫画
2020/06/19,【タテコミ】その魔女を放せ（44）【フルカラー】,[著]二目,30,8,[発行]閲文漫画
2020/06/19,【タテコミ】その魔女を放せ（44）【フルカラー】,[著]二目,60,5,[発行]閲文漫画
2020/06/26,【タテコミ】その魔女を放せ（45）【フルカラー】,[著]二目,10,8,[発行]閲文漫画
2020/06/26,【タテコミ】その魔女を放せ（45）【フルカラー】,[著]二目,30,8,[発行]閲文漫画
2020/06/26,【タテコミ】その魔女を放せ（45）【フルカラー】,[著]二目,60,5,[発行]閲文漫画
2020/07/03,【タテコミ】その魔女を放せ（46）【フルカラー】,[著]二目,10,8,[発行]閲文漫画
2020/07/03,【タテコミ】その魔女を放せ（46）【フルカラー】,[著]二目,30,8,[発行]閲文漫画
2020/07/03,【タテコミ】その魔女を放せ（46）【フルカラー】,[著]二目,60,5,[発行]閲文漫画
2020/07/10,【タテコミ】その魔女を放せ（47）【フルカラー】,[著]二目,10,8,[発行]閲文漫画
2020/07/10,【タテコミ】その魔女を放せ（47）【フルカラー】,[著]二目,30,8,[発行]閲文漫画
2020/07/10,【タテコミ】その魔女を放せ（47）【フルカラー】,[著]二目,60,5,[発行]閲文漫画
2020/07/17,【タテコミ】その魔女を放せ（48）【フルカラー】,[著]二目,10,8,[発行]閲文漫画
2020/07/17,【タテコミ】その魔女を放せ（48）【フルカラー】,[著]二目,30,8,[発行]閲文漫画
2020/07/17,【タテコミ】その魔女を放せ（48）【フルカラー】,[著]二目,60,5,[発行]閲文漫画
2020/07/24,【タテコミ】その魔女を放せ（49）【フルカラー】,[著]二目,10,8,[発行]閲文漫画
2020/07/24,【タテコミ】その魔女を放せ（49）【フルカラー】,[著]二目,30,7,[発行]閲文漫画
2020/07/24,【タテコミ】その魔女を放せ（49）【フルカラー】,[著]二目,60,5,[発行]閲文漫画
2020/07/31,【タテコミ】その魔女を放せ（50）【フルカラー】,[著]二目,10,8,[発行]閲文漫画
2020/07/31,【タテコミ】その魔女を放せ（50）【フルカラー】,[著]二目,30,7,[発行]閲文漫画
2020/07/31,【タテコミ】その魔女を放せ（50）【フルカラー】,[著]二目,60,5,[発行]閲文漫画
2020/08/07,【タテコミ】その魔女を放せ（51）【フルカラー】,[著]二目,30,14,[発行]閲文漫画
2020/08/07,【タテコミ】その魔女を放せ（51）【フルカラー】,[著]二目,60,5,[発行]閲文漫画
2020/08/14,【タテコミ】その魔女を放せ（52）【フルカラー】,[著]二目,30,14,[発行]閲文漫画
2020/08/14,【タテコミ】その魔女を放せ（52）【フルカラー】,[著]二目,60,4,[発行]閲文漫画
2020/08/21,【タテコミ】その魔女を放せ（53）【フルカラー】,[著]二目,30,14,[発行]閲文漫画
2020/08/21,【タテコミ】その魔女を放せ（53）【フルカラー】,[著]二目,60,4,[発行]閲文漫画
2020/06/19,【タテコミ】転生：トップスターの帰還（1）【フルカラー】,[著]シャワンイン,60,0,[発行]閲文漫画
2020/06/19,【タテコミ】転生：トップスターの帰還（2）【フルカラー】,[著]シャワンイン,60,0,[発行]閲文漫画
2020/06/19,【タテコミ】転生：トップスターの帰還（3）【フルカラー】,[著]シャワンイン,60,0,[発行]閲文漫画
2020/06/19,【タテコミ】転生：トップスターの帰還（4）【フルカラー】,[著]シャワンイン,30,7,[発行]閲文漫画
2020/06/19,【タテコミ】転生：トップスターの帰還（4）【フルカラー】,[著]シャワンイン,60,1,[発行]閲文漫画
2020/06/19,【タテコミ】転生：トップスターの帰還（5）【フルカラー】,[著]シャワンイン,30,5,[発行]閲文漫画
2020/06/19,【タテコミ】転生：トップスターの帰還（5）【フルカラー】,[著]シャワンイン,60,2,[発行]閲文漫画
2020/06/19,【タテコミ】転生：トップスターの帰還（6）【フルカラー】,[著]シャワンイン,30,5,[発行]閲文漫画
2020/06/19,【タテコミ】転生：トップスターの帰還（6）【フルカラー】,[著]シャワンイン,60,1,[発行]閲文漫画
2020/06/26,【タテコミ】転生：トップスターの帰還（7）【フルカラー】,[著]シャワンイン,30,2,[発行]閲文漫画
2020/06/26,【タテコミ】転生：トップスターの帰還（7）【フルカラー】,[著]シャワンイン,60,1,[発行]閲文漫画
2020/06/26,【タテコミ】転生：トップスターの帰還（8）【フルカラー】,[著]シャワンイン,30,2,[発行]閲文漫画
2020/06/26,【タテコミ】転生：トップスターの帰還（8）【フルカラー】,[著]シャワンイン,60,1,[発行]閲文漫画
2020/07/03,【タテコミ】転生：トップスターの帰還（9）【フルカラー】,[著]シャワンイン,30,2,[発行]閲文漫画
2020/07/03,【タテコミ】転生：トップスターの帰還（9）【フルカラー】,[著]シャワンイン,60,1,[発行]閲文漫画
2020/07/03,【タテコミ】転生：トップスターの帰還（10）【フルカラー】,[著]シャワンイン,30,1,[発行]閲文漫画
2020/07/03,【タテコミ】転生：トップスターの帰還（10）【フルカラー】,[著]シャワンイン,60,1,[発行]閲文漫画
2020/07/10,【タテコミ】転生：トップスターの帰還（11）【フルカラー】,[著]シャワンイン,30,1,[発行]閲文漫画
2020/07/10,【タテコミ】転生：トップスターの帰還（11）【フルカラー】,[著]シャワンイン,60,1,[発行]閲文漫画
2020/07/10,【タテコミ】転生：トップスターの帰還（12）【フルカラー】,[著]シャワンイン,30,1,[発行]閲文漫画
2020/07/10,【タテコミ】転生：トップスターの帰還（12）【フルカラー】,[著]シャワンイン,60,1,[発行]閲文漫画
2020/07/17,【タテコミ】転生：トップスターの帰還（13）【フルカラー】,[著]シャワンイン,30,1,[発行]閲文漫画
2020/07/17,【タテコミ】転生：トップスターの帰還（13）【フルカラー】,[著]シャワンイン,60,1,[発行]閲文漫画
2020/07/17,【タテコミ】転生：トップスターの帰還（14）【フルカラー】,[著]シャワンイン,10,10,[発行]閲文漫画
2020/07/17,【タテコミ】転生：トップスターの帰還（14）【フルカラー】,[著]シャワンイン,30,1,[発行]閲文漫画
2020/07/17,【タテコミ】転生：トップスターの帰還（14）【フルカラー】,[著]シャワンイン,60,1,[発行]閲文漫画
2020/07/24,【タテコミ】転生：トップスターの帰還（15）【フルカラー】,[著]シャワンイン,10,10,[発行]閲文漫画
2020/07/24,【タテコミ】転生：トップスターの帰還（15）【フルカラー】,[著]シャワンイン,30,1,[発行]閲文漫画
2020/07/24,【タテコミ】転生：トップスターの帰還（15）【フルカラー】,[著]シャワンイン,60,1,[発行]閲文漫画
2020/07/24,【タテコミ】転生：トップスターの帰還（16）【フルカラー】,[著]シャワンイン,30,7,[発行]閲文漫画
2020/07/24,【タテコミ】転生：トップスターの帰還（16）【フルカラー】,[著]シャワンイン,60,1,[発行]閲文漫画
2020/07/31,【タテコミ】転生：トップスターの帰還（17）【フルカラー】,[著]シャワンイン,30,6,[発行]閲文漫画
2020/07/31,【タテコミ】転生：トップスターの帰還（17）【フルカラー】,[著]シャワンイン,60,2,[発行]閲文漫画
2020/07/31,【タテコミ】転生：トップスターの帰還（18）【フルカラー】,[著]シャワンイン,30,7,[発行]閲文漫画
2020/07/31,【タテコミ】転生：トップスターの帰還（18）【フルカラー】,[著]シャワンイン,60,1,[発行]閲文漫画
2020/08/28,【タテコミ】その魔女を放せ（54）【フルカラー】,[著]二目,30,14,[発行]閲文漫画
2020/08/28,【タテコミ】その魔女を放せ（54）【フルカラー】,[著]二目,60,4,[発行]閲文漫画
2020/09/04,【タテコミ】その魔女を放せ（55）【フルカラー】,[著]二目,30,14,[発行]閲文漫画
2020/09/04,【タテコミ】その魔女を放せ（55）【フルカラー】,[著]二目,60,4,[発行]閲文漫画
2020/09/11,【タテコミ】その魔女を放せ（56）【フルカラー】,[著]二目,30,14,[発行]閲文漫画
2020/09/11,【タテコミ】その魔女を放せ（56）【フルカラー】,[著]二目,60,3,[発行]閲文漫画
2020/09/18,【タテコミ】その魔女を放せ（57）【フルカラー】,[著]二目,30,13,[発行]閲文漫画
2020/09/18,【タテコミ】その魔女を放せ（57）【フルカラー】,[著]二目,60,3,[発行]閲文漫画
2020/09/25,【タテコミ】その魔女を放せ（58）【フルカラー】,[著]二目,30,14,[発行]閲文漫画
2020/09/25,【タテコミ】その魔女を放せ（58）【フルカラー】,[著]二目,60,2,[発行]閲文漫画
2020/10/02,【タテコミ】その魔女を放せ（59）【フルカラー】,[著]二目,30,14,[発行]閲文漫画
2020/10/02,【タテコミ】その魔女を放せ（59）【フルカラー】,[著]二目,60,2,[発行]閲文漫画
2020/10/09,【タテコミ】その魔女を放せ（60）【フルカラー】,[著]二目,30,13,[発行]閲文漫画
2020/10/09,【タテコミ】その魔女を放せ（60）【フルカラー】,[著]二目,60,2,[発行]閲文漫画
2020/10/16,【タテコミ】その魔女を放せ（61）【フルカラー】,[著]二目,30,13,[発行]閲文漫画
2020/10/16,【タテコミ】その魔女を放せ（61）【フルカラー】,[著]二目,60,1,[発行]閲文漫画
2020/10/23,【タテコミ】その魔女を放せ（62）【フルカラー】,[著]二目,30,13,[発行]閲文漫画
2020/10/23,【タテコミ】その魔女を放せ（62）【フルカラー】,[著]二目,60,1,[発行]閲文漫画
2020/10/30,【タテコミ】その魔女を放せ（63）【フルカラー】,[著]二目,30,13,[発行]閲文漫画
2020/10/30,【タテコミ】その魔女を放せ（63）【フルカラー】,[著]二目,60,1,[発行]閲文漫画
2020/11/06,【タテコミ】その魔女を放せ（64）【フルカラー】,[著]二目,30,12,[発行]閲文漫画
2020/11/06,【タテコミ】その魔女を放せ（64）【フルカラー】,[著]二目,60,2,[発行]閲文漫画
2020/11/13,【タテコミ】その魔女を放せ（65）【フルカラー】,[著]二目,30,13,[発行]閲文漫画
2020/11/13,【タテコミ】その魔女を放せ（65）【フルカラー】,[著]二目,60,1,[発行]閲文漫画
2020/11/20,【タテコミ】その魔女を放せ（66）【フルカラー】,[著]二目,30,13,[発行]閲文漫画
2020/11/20,【タテコミ】その魔女を放せ（66）【フルカラー】,[著]二目,60,1,[発行]閲文漫画
2020/11/27,【タテコミ】その魔女を放せ（67）【フルカラー】,[著]二目,30,13,[発行]閲文漫画
2020/11/27,【タテコミ】その魔女を放せ（67）【フルカラー】,[著]二目,60,1,[発行]閲文漫画
2020/12/04,【タテコミ】その魔女を放せ（68）【フルカラー】,[著]二目,30,14,[発行]閲文漫画
2020/12/04,【タテコミ】その魔女を放せ（68）【フルカラー】,[著]二目,60,1,[発行]閲文漫画
2020/12/11,【タテコミ】その魔女を放せ（69）【フルカラー】,[著]二目,30,12,[発行]閲文漫画
2020/12/11,【タテコミ】その魔女を放せ（69）【フルカラー】,[著]二目,60,2,[発行]閲文漫画
2020/12/18,【タテコミ】その魔女を放せ（70）【フルカラー】,[著]二目,30,13,[発行]閲文漫画
2020/12/18,【タテコミ】その魔女を放せ（70）【フルカラー】,[著]二目,60,1,[発行]閲文漫画
2020/12/18,【タテコミ】その魔女を放せ（71）【フルカラー】,[著]二目,30,11,[発行]閲文漫画
2020/12/18,【タテコミ】その魔女を放せ（71）【フルカラー】,[著]二目,60,1,[発行]閲文漫画
2020/12/25,【タテコミ】その魔女を放せ（72）【フルカラー】,[著]二目,30,11,[発行]閲文漫画
2020/12/25,【タテコミ】その魔女を放せ（72）【フルカラー】,[著]二目,60,1,[発行]閲文漫画
2020/12/25,【タテコミ】その魔女を放せ（73）【フルカラー】,[著]二目,30,11,[発行]閲文漫画
2020/12/25,【タテコミ】その魔女を放せ（73）【フルカラー】,[著]二目,60,1,[発行]閲文漫画
2020/09/18,【タテコミ】転生：トップスターの帰還（19）【フルカラー】,[著]シャワンイン,30,6,[発行]閲文漫画
2020/09/18,【タテコミ】転生：トップスターの帰還（19）【フルカラー】,[著]シャワンイン,60,2,[発行]閲文漫画
2020/09/18,【タテコミ】転生：トップスターの帰還（20）【フルカラー】,[著]シャワンイン,30,7,[発行]閲文漫画
2020/09/18,【タテコミ】転生：トップスターの帰還（20）【フルカラー】,[著]シャワンイン,60,1,[発行]閲文漫画
2020/09/18,【タテコミ】転生：トップスターの帰還（21）【フルカラー】,[著]シャワンイン,30,7,[発行]閲文漫画
2020/09/18,【タテコミ】転生：トップスターの帰還（21）【フルカラー】,[著]シャワンイン,60,1,[発行]閲文漫画
2020/09/18,【タテコミ】転生：トップスターの帰還（22）【フルカラー】,[著]シャワンイン,30,7,[発行]閲文漫画
2020/09/18,【タテコミ】転生：トップスターの帰還（22）【フルカラー】,[著]シャワンイン,60,1,[発行]閲文漫画
2020/09/18,【タテコミ】転生：トップスターの帰還（23）【フルカラー】,[著]シャワンイン,30,7,[発行]閲文漫画
2020/09/18,【タテコミ】転生：トップスターの帰還（23）【フルカラー】,[著]シャワンイン,60,1,[発行]閲文漫画
2020/09/18,【タテコミ】転生：トップスターの帰還（24）【フルカラー】,[著]シャワンイン,30,6,[発行]閲文漫画
2020/09/18,【タテコミ】転生：トップスターの帰還（24）【フルカラー】,[著]シャワンイン,60,1,[発行]閲文漫画
2020/09/25,【タテコミ】転生：トップスターの帰還（25）【フルカラー】,[著]シャワンイン,30,6,[発行]閲文漫画
2020/09/25,【タテコミ】転生：トップスターの帰還（25）【フルカラー】,[著]シャワンイン,60,1,[発行]閲文漫画
2020/09/25,【タテコミ】転生：トップスターの帰還（26）【フルカラー】,[著]シャワンイン,30,6,[発行]閲文漫画
2020/09/25,【タテコミ】転生：トップスターの帰還（26）【フルカラー】,[著]シャワンイン,60,1,[発行]閲文漫画
2020/10/02,【タテコミ】転生：トップスターの帰還（27）【フルカラー】,[著]シャワンイン,30,6,[発行]閲文漫画
2020/10/02,【タテコミ】転生：トップスターの帰還（27）【フルカラー】,[著]シャワンイン,60,0,[発行]閲文漫画
2020/10/02,【タテコミ】転生：トップスターの帰還（28）【フルカラー】,[著]シャワンイン,30,6,[発行]閲文漫画
2020/10/02,【タテコミ】転生：トップスターの帰還（28）【フルカラー】,[著]シャワンイン,60,0,[発行]閲文漫画
2020/10/09,【タテコミ】転生：トップスターの帰還（29）【フルカラー】,[著]シャワンイン,30,5,[発行]閲文漫画
2020/10/09,【タテコミ】転生：トップスターの帰還（29）【フルカラー】,[著]シャワンイン,60,0,[発行]閲文漫画
2020/10/09,【タテコミ】転生：トップスターの帰還（30）【フルカラー】,[著]シャワンイン,30,5,[発行]閲文漫画
2020/10/09,【タテコミ】転生：トップスターの帰還（30）【フルカラー】,[著]シャワンイン,60,0,[発行]閲文漫画
2020/10/16,【タテコミ】転生：トップスターの帰還（31）【フルカラー】,[著]シャワンイン,30,5,[発行]閲文漫画
2020/10/16,【タテコミ】転生：トップスターの帰還（31）【フルカラー】,[著]シャワンイン,60,0,[発行]閲文漫画
2020/10/16,【タテコミ】転生：トップスターの帰還（32）【フルカラー】,[著]シャワンイン,30,5,[発行]閲文漫画
2020/10/16,【タテコミ】転生：トップスターの帰還（32）【フルカラー】,[著]シャワンイン,60,0,[発行]閲文漫画
2020/10/23,【タテコミ】転生：トップスターの帰還（33）【フルカラー】,[著]シャワンイン,30,5,[発行]閲文漫画
2020/10/23,【タテコミ】転生：トップスターの帰還（33）【フルカラー】,[著]シャワンイン,60,0,[発行]閲文漫画
2020/10/23,【タテコミ】転生：トップスターの帰還（34）【フルカラー】,[著]シャワンイン,30,5,[発行]閲文漫画
2020/10/23,【タテコミ】転生：トップスターの帰還（34）【フルカラー】,[著]シャワンイン,60,0,[発行]閲文漫画
2020/10/30,【タテコミ】転生：トップスターの帰還（35）【フルカラー】,[著]シャワンイン,30,5,[発行]閲文漫画
2020/10/30,【タテコミ】転生：トップスターの帰還（35）【フルカラー】,[著]シャワンイン,60,0,[発行]閲文漫画
2020/10/30,【タテコミ】転生：トップスターの帰還（36）【フルカラー】,[著]シャワンイン,30,5,[発行]閲文漫画
2020/10/30,【タテコミ】転生：トップスターの帰還（36）【フルカラー】,[著]シャワンイン,60,0,[発行]閲文漫画
2020/11/06,【タテコミ】転生：トップスターの帰還（37）【フルカラー】,[著]シャワンイン,30,5,[発行]閲文漫画
2020/11/06,【タテコミ】転生：トップスターの帰還（37）【フルカラー】,[著]シャワンイン,60,0,[発行]閲文漫画
2020/11/06,【タテコミ】転生：トップスターの帰還（38）【フルカラー】,[著]シャワンイン,30,5,[発行]閲文漫画
2020/11/06,【タテコミ】転生：トップスターの帰還（38）【フルカラー】,[著]シャワンイン,60,0,[発行]閲文漫画
2020/11/13,【タテコミ】転生：トップスターの帰還（39）【フルカラー】,[著]シャワンイン,30,5,[発行]閲文漫画
2020/11/13,【タテコミ】転生：トップスターの帰還（39）【フルカラー】,[著]シャワンイン,60,0,[発行]閲文漫画
2020/11/13,【タテコミ】転生：トップスターの帰還（40）【フルカラー】,[著]シャワンイン,30,5,[発行]閲文漫画
2020/11/13,【タテコミ】転生：トップスターの帰還（40）【フルカラー】,[著]シャワンイン,60,0,[発行]閲文漫画
2020/11/20,【タテコミ】転生：トップスターの帰還（41）【フルカラー】,[著]シャワンイン,30,5,[発行]閲文漫画
2020/11/20,【タテコミ】転生：トップスターの帰還（41）【フルカラー】,[著]シャワンイン,60,0,[発行]閲文漫画
2020/11/20,【タテコミ】転生：トップスターの帰還（42）【フルカラー】,[著]シャワンイン,30,5,[発行]閲文漫画
2020/11/20,【タテコミ】転生：トップスターの帰還（42）【フルカラー】,[著]シャワンイン,60,0,[発行]閲文漫画
2020/11/27,【タテコミ】転生：トップスターの帰還（43）【フルカラー】,[著]シャワンイン,30,5,[発行]閲文漫画
2020/11/27,【タテコミ】転生：トップスターの帰還（43）【フルカラー】,[著]シャワンイン,60,0,[発行]閲文漫画
2020/11/27,【タテコミ】転生：トップスターの帰還（44）【フルカラー】,[著]シャワンイン,30,5,[発行]閲文漫画
2020/11/27,【タテコミ】転生：トップスターの帰還（44）【フルカラー】,[著]シャワンイン,60,0,[発行]閲文漫画
2020/12/04,【タテコミ】転生：トップスターの帰還（45）【フルカラー】,[著]シャワンイン,30,5,[発行]閲文漫画
2020/12/04,【タテコミ】転生：トップスターの帰還（45）【フルカラー】,[著]シャワンイン,60,0,[発行]閲文漫画
2020/12/04,【タテコミ】転生：トップスターの帰還（46）【フルカラー】,[著]シャワンイン,30,4,[発行]閲文漫画
2020/12/04,【タテコミ】転生：トップスターの帰還（46）【フルカラー】,[著]シャワンイン,60,0,[発行]閲文漫画
2020/12/11,【タテコミ】転生：トップスターの帰還（47）【フルカラー】,[著]シャワンイン,30,4,[発行]閲文漫画
2020/12/11,【タテコミ】転生：トップスターの帰還（47）【フルカラー】,[著]シャワンイン,60,0,[発行]閲文漫画
2020/12/11,【タテコミ】転生：トップスターの帰還（48）【フルカラー】,[著]シャワンイン,30,3,[発行]閲文漫画
2020/12/11,【タテコミ】転生：トップスターの帰還（48）【フルカラー】,[著]シャワンイン,60,0,[発行]閲文漫画
2020/12/18,【タテコミ】転生：トップスターの帰還（49）【フルカラー】,[著]シャワンイン,30,3,[発行]閲文漫画
2020/12/18,【タテコミ】転生：トップスターの帰還（49）【フルカラー】,[著]シャワンイン,60,0,[発行]閲文漫画
2020/12/18,【タテコミ】転生：トップスターの帰還（50）【フルカラー】,[著]シャワンイン,30,2,[発行]閲文漫画
2020/12/18,【タテコミ】転生：トップスターの帰還（50）【フルカラー】,[著]シャワンイン,60,0,[発行]閲文漫画
2020/12/25,【タテコミ】転生：トップスターの帰還（51）【フルカラー】,[著]シャワンイン,30,2,[発行]閲文漫画
2020/12/25,【タテコミ】転生：トップスターの帰還（51）【フルカラー】,[著]シャワンイン,60,0,[発行]閲文漫画
2020/12/25,【タテコミ】転生：トップスターの帰還（52）【フルカラー】,[著]シャワンイン,30,2,[発行]閲文漫画
2020/12/25,【タテコミ】転生：トップスターの帰還（52）【フルカラー】,[著]シャワンイン,60,0,[発行]閲文漫画
2021/01/01,【タテコミ】転生：トップスターの帰還（53）【フルカラー】,[著]シャワンイン,30,2,[発行]閲文漫画
2021/01/01,【タテコミ】転生：トップスターの帰還（53）【フルカラー】,[著]シャワンイン,60,0,[発行]閲文漫画
2021/01/01,【タテコミ】転生：トップスターの帰還（54）【フルカラー】,[著]シャワンイン,30,2,[発行]閲文漫画
2021/01/01,【タテコミ】転生：トップスターの帰還（54）【フルカラー】,[著]シャワンイン,60,0,[発行]閲文漫画
2021/01/08,【タテコミ】転生：トップスターの帰還（55）【フルカラー】,[著]シャワンイン,30,2,[発行]閲文漫画
2021/01/08,【タテコミ】転生：トップスターの帰還（55）【フルカラー】,[著]シャワンイン,60,0,[発行]閲文漫画
2021/01/08,【タテコミ】転生：トップスターの帰還（56）【フルカラー】,[著]シャワンイン,30,2,[発行]閲文漫画
2021/01/08,【タテコミ】転生：トップスターの帰還（56）【フルカラー】,[著]シャワンイン,60,0,[発行]閲文漫画
2021/01/15,【タテコミ】転生：トップスターの帰還（57）【フルカラー】,[著]シャワンイン,30,2,[発行]閲文漫画
2021/01/15,【タテコミ】転生：トップスターの帰還（57）【フルカラー】,[著]シャワンイン,60,0,[発行]閲文漫画
2021/01/15,【タテコミ】転生：トップスターの帰還（58）【フルカラー】,[著]シャワンイン,30,2,[発行]閲文漫画
2021/01/15,【タテコミ】転生：トップスターの帰還（58）【フルカラー】,[著]シャワンイン,60,0,[発行]閲文漫画
2021/01/22,【タテコミ】転生：トップスターの帰還（59）【フルカラー】,[著]シャワンイン,30,2,[発行]閲文漫画
2021/01/22,【タテコミ】転生：トップスターの帰還（59）【フルカラー】,[著]シャワンイン,60,0,[発行]閲文漫画
2021/01/22,【タテコミ】転生：トップスターの帰還（60）【フルカラー】,[著]シャワンイン,30,2,[発行]閲文漫画
2021/01/22,【タテコミ】転生：トップスターの帰還（60）【フルカラー】,[著]シャワンイン,60,0,[発行]閲文漫画
2021/01/29,【タテコミ】転生：トップスターの帰還（61）【フルカラー】,[著]シャワンイン,30,2,[発行]閲文漫画
2021/01/29,【タテコミ】転生：トップスターの帰還（61）【フルカラー】,[著]シャワンイン,60,0,[発行]閲文漫画
2021/01/29,【タテコミ】転生：トップスターの帰還（62）【フルカラー】,[著]シャワンイン,30,2,[発行]閲文漫画
2021/01/29,【タテコミ】転生：トップスターの帰還（62）【フルカラー】,[著]シャワンイン,60,0,[発行]閲文漫画
2021/02/05,【タテコミ】転生：トップスターの帰還（63）【フルカラー】,[著]シャワンイン,30,2,[発行]閲文漫画
2021/02/05,【タテコミ】転生：トップスターの帰還（63）【フルカラー】,[著]シャワンイン,60,0,[発行]閲文漫画
2021/02/05,【タテコミ】転生：トップスターの帰還（64）【フルカラー】,[著]シャワンイン,30,2,[発行]閲文漫画
2021/02/05,【タテコミ】転生：トップスターの帰還（64）【フルカラー】,[著]シャワンイン,60,0,[発行]閲文漫画
2021/02/12,【タテコミ】転生：トップスターの帰還（65）【フルカラー】,[著]シャワンイン,30,2,[発行]閲文漫画
2021/02/12,【タテコミ】転生：トップスターの帰還（65）【フルカラー】,[著]シャワンイン,60,0,[発行]閲文漫画
2021/02/12,【タテコミ】転生：トップスターの帰還（66）【フルカラー】,[著]シャワンイン,30,2,[発行]閲文漫画
2021/02/12,【タテコミ】転生：トップスターの帰還（66）【フルカラー】,[著]シャワンイン,60,0,[発行]閲文漫画
2021/02/19,【タテコミ】転生：トップスターの帰還（67）【フルカラー】,[著]シャワンイン,30,2,[発行]閲文漫画
2021/02/19,【タテコミ】転生：トップスターの帰還（67）【フルカラー】,[著]シャワンイン,60,0,[発行]閲文漫画
2021/02/19,【タテコミ】転生：トップスターの帰還（68）【フルカラー】,[著]シャワンイン,30,2,[発行]閲文漫画
2021/02/19,【タテコミ】転生：トップスターの帰還（68）【フルカラー】,[著]シャワンイン,60,0,[発行]閲文漫画
2021/01/01,【タテコミ】その魔女を放せ（74）【フルカラー】,[著]二目,30,11,[発行]閲文漫画
2021/01/01,【タテコミ】その魔女を放せ（74）【フルカラー】,[著]二目,60,1,[発行]閲文漫画
2021/01/08,【タテコミ】その魔女を放せ（75）【フルカラー】,[著]二目,30,11,[発行]閲文漫画
2021/01/08,【タテコミ】その魔女を放せ（75）【フルカラー】,[著]二目,60,1,[発行]閲文漫画
2021/01/15,【タテコミ】その魔女を放せ（76）【フルカラー】,[著]二目,30,11,[発行]閲文漫画
2021/01/15,【タテコミ】その魔女を放せ（76）【フルカラー】,[著]二目,60,1,[発行]閲文漫画
2021/01/22,【タテコミ】その魔女を放せ（77）【フルカラー】,[著]二目,30,11,[発行]閲文漫画
2021/01/22,【タテコミ】その魔女を放せ（77）【フルカラー】,[著]二目,60,2,[発行]閲文漫画
2021/01/29,【タテコミ】その魔女を放せ（78）【フルカラー】,[著]二目,30,11,[発行]閲文漫画
2021/01/29,【タテコミ】その魔女を放せ（78）【フルカラー】,[著]二目,60,1,[発行]閲文漫画
2021/02/05,【タテコミ】その魔女を放せ（79）【フルカラー】,[著]二目,30,11,[発行]閲文漫画
2021/02/05,【タテコミ】その魔女を放せ（79）【フルカラー】,[著]二目,60,1,[発行]閲文漫画
2021/02/12,【タテコミ】その魔女を放せ（80）【フルカラー】,[著]二目,30,10,[発行]閲文漫画
2021/02/12,【タテコミ】その魔女を放せ（80）【フルカラー】,[著]二目,60,1,[発行]閲文漫画
2021/03/12,【タテコミ】その魔女を放せ（81）【フルカラー】,[著]二目,30,10,[発行]閲文漫画
2021/03/12,【タテコミ】その魔女を放せ（81）【フルカラー】,[著]二目,60,1,[発行]閲文漫画
2021/03/19,【タテコミ】その魔女を放せ（82）【フルカラー】,[著]二目,30,10,[発行]閲文漫画
2021/03/19,【タテコミ】その魔女を放せ（82）【フルカラー】,[著]二目,60,1,[発行]閲文漫画
2021/03/26,【タテコミ】その魔女を放せ（83）【フルカラー】,[著]二目,30,11,[発行]閲文漫画
2021/03/26,【タテコミ】その魔女を放せ（83）【フルカラー】,[著]二目,60,1,[発行]閲文漫画
2021/04/02,【タテコミ】その魔女を放せ（84）【フルカラー】,[著]二目,30,10,[発行]閲文漫画
2021/04/02,【タテコミ】その魔女を放せ（84）【フルカラー】,[著]二目,60,1,[発行]閲文漫画
2021/04/09,【タテコミ】その魔女を放せ（85）【フルカラー】,[著]二目,30,9,[発行]閲文漫画
2021/04/09,【タテコミ】その魔女を放せ（85）【フルカラー】,[著]二目,60,1,[発行]閲文漫画
2021/04/16,【タテコミ】その魔女を放せ（86）【フルカラー】,[著]二目,30,9,[発行]閲文漫画
2021/04/16,【タテコミ】その魔女を放せ（86）【フルカラー】,[著]二目,60,1,[発行]閲文漫画
2021/04/23,【タテコミ】その魔女を放せ（87）【フルカラー】,[著]二目,30,9,[発行]閲文漫画
2021/04/23,【タテコミ】その魔女を放せ（87）【フルカラー】,[著]二目,60,1,[発行]閲文漫画
2021/04/30,【タテコミ】その魔女を放せ（88）【フルカラー】,[著]二目,30,9,[発行]閲文漫画
2021/04/30,【タテコミ】その魔女を放せ（88）【フルカラー】,[著]二目,60,1,[発行]閲文漫画
2021/05/07,【タテコミ】その魔女を放せ（89）【フルカラー】,[著]二目,30,9,[発行]閲文漫画
2021/05/07,【タテコミ】その魔女を放せ（89）【フルカラー】,[著]二目,60,1,[発行]閲文漫画
2021/05/14,【タテコミ】その魔女を放せ（90）【フルカラー】,[著]二目,30,9,[発行]閲文漫画
2021/05/14,【タテコミ】その魔女を放せ（90）【フルカラー】,[著]二目,60,1,[発行]閲文漫画
2021/05/21,【タテコミ】その魔女を放せ（91）【フルカラー】,[著]二目,30,8,[発行]閲文漫画
2021/05/21,【タテコミ】その魔女を放せ（91）【フルカラー】,[著]二目,60,1,[発行]閲文漫画
2021/05/28,【タテコミ】その魔女を放せ（92）【フルカラー】,[著]二目,30,8,[発行]閲文漫画
2021/05/28,【タテコミ】その魔女を放せ（92）【フルカラー】,[著]二目,60,2,[発行]閲文漫画
2021/06/04,【タテコミ】その魔女を放せ（93）【フルカラー】,[著]二目,30,8,[発行]閲文漫画
2021/06/04,【タテコミ】その魔女を放せ（93）【フルカラー】,[著]二目,60,1,[発行]閲文漫画
2021/06/11,【タテコミ】その魔女を放せ（94）【フルカラー】,[著]二目,30,8,[発行]閲文漫画
2021/06/11,【タテコミ】その魔女を放せ（94）【フルカラー】,[著]二目,60,2,[発行]閲文漫画
2021/06/18,【タテコミ】その魔女を放せ（95）【フルカラー】,[著]二目,30,8,[発行]閲文漫画
2021/06/18,【タテコミ】その魔女を放せ（95）【フルカラー】,[著]二目,60,2,[発行]閲文漫画
2021/06/25,【タテコミ】その魔女を放せ（96）【フルカラー】,[著]二目,30,8,[発行]閲文漫画
2021/06/25,【タテコミ】その魔女を放せ（96）【フルカラー】,[著]二目,60,2,[発行]閲文漫画
2021/07/02,【タテコミ】その魔女を放せ（97）【フルカラー】,[著]二目,30,8,[発行]閲文漫画
2021/07/02,【タテコミ】その魔女を放せ（97）【フルカラー】,[著]二目,60,2,[発行]閲文漫画
2021/07/09,【タテコミ】その魔女を放せ（98）【フルカラー】,[著]二目,30,8,[発行]閲文漫画
2021/07/09,【タテコミ】その魔女を放せ（98）【フルカラー】,[著]二目,60,2,[発行]閲文漫画
2021/07/16,【タテコミ】その魔女を放せ（99）【フルカラー】,[著]二目,30,8,[発行]閲文漫画
2021/07/16,【タテコミ】その魔女を放せ（99）【フルカラー】,[著]二目,60,2,[発行]閲文漫画
2021/07/23,【タテコミ】その魔女を放せ（100）【フルカラー】,[著]二目,30,8,[発行]閲文漫画
2021/07/23,【タテコミ】その魔女を放せ（100）【フルカラー】,[著]二目,60,2,[発行]閲文漫画
2021/09/03,【タテコミ】赤い実の花は白（25）【フルカラー】,[著]IIE STAR,20,0,[発行]IIE STAR
2021/09/03,【タテコミ】赤い実の花は白（25）【フルカラー】,[著]IIE STAR,50,0,[発行]IIE STAR
2021/09/03,【タテコミ】赤い実の花は白（26）【フルカラー】,[著]IIE STAR,20,0,[発行]IIE STAR
2021/09/03,【タテコミ】赤い実の花は白（26）【フルカラー】,[著]IIE STAR,50,0,[発行]IIE STAR
2021/09/07,【タテコミ】赤い実の花は白（27）【フルカラー】,[著]IIE STAR,20,0,[発行]IIE STAR
2021/09/07,【タテコミ】赤い実の花は白（27）【フルカラー】,[著]IIE STAR,50,0,[発行]IIE STAR
2021/09/07,【タテコミ】赤い実の花は白（28）【フルカラー】,[著]IIE STAR,20,0,[発行]IIE STAR
2021/09/07,【タテコミ】赤い実の花は白（28）【フルカラー】,[著]IIE STAR,50,0,[発行]IIE STAR
2021/09/10,【タテコミ】赤い実の花は白（29）【フルカラー】,[著]IIE STAR,20,0,[発行]IIE STAR
2021/09/10,【タテコミ】赤い実の花は白（29）【フルカラー】,[著]IIE STAR,50,0,[発行]IIE STAR
2021/09/10,【タテコミ】赤い実の花は白（30）【フルカラー】,[著]IIE STAR,20,0,[発行]IIE STAR
2021/09/10,【タテコミ】赤い実の花は白（30）【フルカラー】,[著]IIE STAR,50,0,[発行]IIE STAR
2021/09/14,【タテコミ】赤い実の花は白（31）【フルカラー】,[著]IIE STAR,20,0,[発行]IIE STAR
2021/09/14,【タテコミ】赤い実の花は白（31）【フルカラー】,[著]IIE STAR,50,0,[発行]IIE STAR
2021/09/14,【タテコミ】赤い実の花は白（32）【フルカラー】,[著]IIE STAR,20,0,[発行]IIE STAR
2021/09/14,【タテコミ】赤い実の花は白（32）【フルカラー】,[著]IIE STAR,50,0,[発行]IIE STAR
2021/09/17,【タテコミ】赤い実の花は白（33）【フルカラー】,[著]IIE STAR,20,0,[発行]IIE STAR
2021/09/17,【タテコミ】赤い実の花は白（33）【フルカラー】,[著]IIE STAR,50,0,[発行]IIE STAR
2021/09/17,【タテコミ】赤い実の花は白（34）【フルカラー】,[著]IIE STAR,20,0,[発行]IIE STAR
2021/09/17,【タテコミ】赤い実の花は白（34）【フルカラー】,[著]IIE STAR,50,0,[発行]IIE STAR
2021/09/21,【タテコミ】赤い実の花は白（35）【フルカラー】,[著]IIE STAR,20,0,[発行]IIE STAR
2021/09/21,【タテコミ】赤い実の花は白（35）【フルカラー】,[著]IIE STAR,50,0,[発行]IIE STAR
2021/04/27,【タテコミ】転生：トップスターの帰還（69）【フルカラー】,[著]シャワンイン,30,2,[発行]閲文漫画
2021/04/27,【タテコミ】転生：トップスターの帰還（69）【フルカラー】,[著]シャワンイン,60,0,[発行]閲文漫画
2021/05/04,【タテコミ】転生：トップスターの帰還（70）【フルカラー】,[著]シャワンイン,30,2,[発行]閲文漫画
2021/05/04,【タテコミ】転生：トップスターの帰還（70）【フルカラー】,[著]シャワンイン,60,0,[発行]閲文漫画
2021/05/11,【タテコミ】転生：トップスターの帰還（71）【フルカラー】,[著]シャワンイン,30,2,[発行]閲文漫画
2021/05/11,【タテコミ】転生：トップスターの帰還（71）【フルカラー】,[著]シャワンイン,60,0,[発行]閲文漫画
2021/05/18,【タテコミ】転生：トップスターの帰還（72）【フルカラー】,[著]シャワンイン,30,2,[発行]閲文漫画
2021/05/18,【タテコミ】転生：トップスターの帰還（72）【フルカラー】,[著]シャワンイン,60,0,[発行]閲文漫画
2021/05/25,【タテコミ】転生：トップスターの帰還（73）【フルカラー】,[著]シャワンイン,30,2,[発行]閲文漫画
2021/05/25,【タテコミ】転生：トップスターの帰還（73）【フルカラー】,[著]シャワンイン,60,0,[発行]閲文漫画
2021/06/01,【タテコミ】転生：トップスターの帰還（74）【フルカラー】,[著]シャワンイン,30,2,[発行]閲文漫画
2021/06/01,【タテコミ】転生：トップスターの帰還（74）【フルカラー】,[著]シャワンイン,60,0,[発行]閲文漫画
2021/06/08,【タテコミ】転生：トップスターの帰還（75）【フルカラー】,[著]シャワンイン,30,2,[発行]閲文漫画
2021/06/08,【タテコミ】転生：トップスターの帰還（75）【フルカラー】,[著]シャワンイン,60,0,[発行]閲文漫画
2021/06/15,【タテコミ】転生：トップスターの帰還（76）【フルカラー】,[著]シャワンイン,30,2,[発行]閲文漫画
2021/06/15,【タテコミ】転生：トップスターの帰還（76）【フルカラー】,[著]シャワンイン,60,0,[発行]閲文漫画
2021/06/22,【タテコミ】転生：トップスターの帰還（77）【フルカラー】,[著]シャワンイン,30,2,[発行]閲文漫画
2021/06/22,【タテコミ】転生：トップスターの帰還（77）【フルカラー】,[著]シャワンイン,60,0,[発行]閲文漫画
2021/06/29,【タテコミ】転生：トップスターの帰還（78）【フルカラー】,[著]シャワンイン,30,2,[発行]閲文漫画
2021/06/29,【タテコミ】転生：トップスターの帰還（78）【フルカラー】,[著]シャワンイン,60,0,[発行]閲文漫画
2021/07/06,【タテコミ】転生：トップスターの帰還（79）【フルカラー】,[著]シャワンイン,30,2,[発行]閲文漫画
2021/07/06,【タテコミ】転生：トップスターの帰還（79）【フルカラー】,[著]シャワンイン,60,0,[発行]閲文漫画
2021/07/13,【タテコミ】転生：トップスターの帰還（80）【フルカラー】,[著]シャワンイン,30,2,[発行]閲文漫画
2021/07/13,【タテコミ】転生：トップスターの帰還（80）【フルカラー】,[著]シャワンイン,60,0,[発行]閲文漫画
2021/07/20,【タテコミ】転生：トップスターの帰還（81）【フルカラー】,[著]シャワンイン,30,2,[発行]閲文漫画
2021/07/20,【タテコミ】転生：トップスターの帰還（81）【フルカラー】,[著]シャワンイン,60,0,[発行]閲文漫画
2021/07/27,【タテコミ】転生：トップスターの帰還（82）【フルカラー】,[著]シャワンイン,30,2,[発行]閲文漫画
2021/07/27,【タテコミ】転生：トップスターの帰還（82）【フルカラー】,[著]シャワンイン,60,0,[発行]閲文漫画
2021/08/03,【タテコミ】転生：トップスターの帰還（83）【フルカラー】,[著]シャワンイン,30,2,[発行]閲文漫画
2021/08/03,【タテコミ】転生：トップスターの帰還（83）【フルカラー】,[著]シャワンイン,60,0,[発行]閲文漫画
2021/08/10,【タテコミ】転生：トップスターの帰還（84）【フルカラー】,[著]シャワンイン,30,2,[発行]閲文漫画
2021/08/10,【タテコミ】転生：トップスターの帰還（84）【フルカラー】,[著]シャワンイン,60,0,[発行]閲文漫画
2021/08/17,【タテコミ】転生：トップスターの帰還（85）【フルカラー】,[著]シャワンイン,30,2,[発行]閲文漫画
2021/08/17,【タテコミ】転生：トップスターの帰還（85）【フルカラー】,[著]シャワンイン,60,0,[発行]閲文漫画
2021/08/24,【タテコミ】転生：トップスターの帰還（86）【フルカラー】,[著]シャワンイン,30,2,[発行]閲文漫画
2021/08/24,【タテコミ】転生：トップスターの帰還（86）【フルカラー】,[著]シャワンイン,60,0,[発行]閲文漫画
2021/08/31,【タテコミ】転生：トップスターの帰還（87）【フルカラー】,[著]シャワンイン,30,2,[発行]閲文漫画
2021/08/31,【タテコミ】転生：トップスターの帰還（87）【フルカラー】,[著]シャワンイン,60,0,[発行]閲文漫画
2021/09/07,【タテコミ】転生：トップスターの帰還（88）【フルカラー】,[著]シャワンイン,30,2,[発行]閲文漫画
2021/09/07,【タテコミ】転生：トップスターの帰還（88）【フルカラー】,[著]シャワンイン,60,0,[発行]閲文漫画
2021/09/14,【タテコミ】転生：トップスターの帰還（89）【フルカラー】,[著]シャワンイン,30,2,[発行]閲文漫画
2021/09/14,【タテコミ】転生：トップスターの帰還（89）【フルカラー】,[著]シャワンイン,60,0,[発行]閲文漫画
2021/09/21,【タテコミ】転生：トップスターの帰還（90）【フルカラー】,[著]シャワンイン,30,2,[発行]閲文漫画
2021/09/21,【タテコミ】転生：トップスターの帰還（90）【フルカラー】,[著]シャワンイン,60,0,[発行]閲文漫画
2021/09/28,【タテコミ】転生：トップスターの帰還（91）【フルカラー】,[著]シャワンイン,30,2,[発行]閲文漫画
2021/09/28,【タテコミ】転生：トップスターの帰還（91）【フルカラー】,[著]シャワンイン,60,0,[発行]閲文漫画
2021/10/05,【タテコミ】転生：トップスターの帰還（92）【フルカラー】,[著]シャワンイン,30,2,[発行]閲文漫画
2021/10/05,【タテコミ】転生：トップスターの帰還（92）【フルカラー】,[著]シャワンイン,60,0,[発行]閲文漫画
2021/10/12,【タテコミ】転生：トップスターの帰還（93）【フルカラー】,[著]シャワンイン,30,2,[発行]閲文漫画
2021/10/12,【タテコミ】転生：トップスターの帰還（93）【フルカラー】,[著]シャワンイン,60,0,[発行]閲文漫画
2021/10/19,【タテコミ】転生：トップスターの帰還（94）【フルカラー】,[著]シャワンイン,30,2,[発行]閲文漫画
2021/10/19,【タテコミ】転生：トップスターの帰還（94）【フルカラー】,[著]シャワンイン,60,0,[発行]閲文漫画
2021/10/26,【タテコミ】転生：トップスターの帰還（95）【フルカラー】,[著]シャワンイン,30,2,[発行]閲文漫画
2021/10/26,【タテコミ】転生：トップスターの帰還（95）【フルカラー】,[著]シャワンイン,60,0,[発行]閲文漫画
2021/11/02,【タテコミ】転生：トップスターの帰還（96）【フルカラー】,[著]シャワンイン,30,2,[発行]閲文漫画
2021/11/02,【タテコミ】転生：トップスターの帰還（96）【フルカラー】,[著]シャワンイン,60,0,[発行]閲文漫画
2021/11/09,【タテコミ】転生：トップスターの帰還（97）【フルカラー】,[著]シャワンイン,30,2,[発行]閲文漫画
2021/11/09,【タテコミ】転生：トップスターの帰還（97）【フルカラー】,[著]シャワンイン,60,0,[発行]閲文漫画
2021/11/16,【タテコミ】転生：トップスターの帰還（98）【フルカラー】,[著]シャワンイン,30,2,[発行]閲文漫画
2021/11/16,【タテコミ】転生：トップスターの帰還（98）【フルカラー】,[著]シャワンイン,60,0,[発行]閲文漫画
2021/11/23,【タテコミ】転生：トップスターの帰還（99）【フルカラー】,[著]シャワンイン,30,2,[発行]閲文漫画
2021/11/23,【タテコミ】転生：トップスターの帰還（99）【フルカラー】,[著]シャワンイン,60,0,[発行]閲文漫画
2021/11/30,【タテコミ】転生：トップスターの帰還（100）【フルカラー】,[著]シャワンイン,30,2,[発行]閲文漫画
2021/11/30,【タテコミ】転生：トップスターの帰還（100）【フルカラー】,[著]シャワンイン,60,0,[発行]閲文漫画
2021/12/07,【タテコミ】転生：トップスターの帰還（101）【フルカラー】,[著]シャワンイン,30,2,[発行]閲文漫画
2021/12/07,【タテコミ】転生：トップスターの帰還（101）【フルカラー】,[著]シャワンイン,60,0,[発行]閲文漫画
2021/12/14,【タテコミ】転生：トップスターの帰還（102）【フルカラー】,[著]シャワンイン,30,2,[発行]閲文漫画
2021/12/14,【タテコミ】転生：トップスターの帰還（102）【フルカラー】,[著]シャワンイン,60,0,[発行]閲文漫画
2021/12/21,【タテコミ】転生：トップスターの帰還（103）【フルカラー】,[著]シャワンイン,30,2,[発行]閲文漫画
2021/12/21,【タテコミ】転生：トップスターの帰還（103）【フルカラー】,[著]シャワンイン,60,0,[発行]閲文漫画
2021/12/28,【タテコミ】転生：トップスターの帰還（104）【フルカラー】,[著]シャワンイン,30,2,[発行]閲文漫画
2021/12/28,【タテコミ】転生：トップスターの帰還（104）【フルカラー】,[著]シャワンイン,60,0,[発行]閲文漫画
2022/01/04,【タテコミ】転生：トップスターの帰還（105）【フルカラー】,[著]シャワンイン,30,2,[発行]閲文漫画
2022/01/04,【タテコミ】転生：トップスターの帰還（105）【フルカラー】,[著]シャワンイン,60,0,[発行]閲文漫画
2022/01/11,【タテコミ】転生：トップスターの帰還（106）【フルカラー】,[著]シャワンイン,30,2,[発行]閲文漫画
2022/01/11,【タテコミ】転生：トップスターの帰還（106）【フルカラー】,[著]シャワンイン,60,0,[発行]閲文漫画
2022/01/18,【タテコミ】転生：トップスターの帰還（107）【フルカラー】,[著]シャワンイン,30,2,[発行]閲文漫画
2022/01/18,【タテコミ】転生：トップスターの帰還（107）【フルカラー】,[著]シャワンイン,60,0,[発行]閲文漫画
2022/01/25,【タテコミ】転生：トップスターの帰還（108）【フルカラー】,[著]シャワンイン,30,2,[発行]閲文漫画
2022/01/25,【タテコミ】転生：トップスターの帰還（108）【フルカラー】,[著]シャワンイン,60,0,[発行]閲文漫画
2022/02/01,【タテコミ】転生：トップスターの帰還（109）【フルカラー】,[著]シャワンイン,30,2,[発行]閲文漫画
2022/02/01,【タテコミ】転生：トップスターの帰還（109）【フルカラー】,[著]シャワンイン,60,0,[発行]閲文漫画
2022/02/08,【タテコミ】転生：トップスターの帰還（110）【フルカラー】,[著]シャワンイン,30,2,[発行]閲文漫画
2022/02/08,【タテコミ】転生：トップスターの帰還（110）【フルカラー】,[著]シャワンイン,60,0,[発行]閲文漫画
2022/02/15,【タテコミ】転生：トップスターの帰還（111）【フルカラー】,[著]シャワンイン,30,2,[発行]閲文漫画
2022/02/15,【タテコミ】転生：トップスターの帰還（111）【フルカラー】,[著]シャワンイン,60,0,[発行]閲文漫画
2022/02/22,【タテコミ】転生：トップスターの帰還（112）【フルカラー】,[著]シャワンイン,30,2,[発行]閲文漫画
2022/02/22,【タテコミ】転生：トップスターの帰還（112）【フルカラー】,[著]シャワンイン,60,0,[発行]閲文漫画
2022/03/01,【タテコミ】転生：トップスターの帰還（113）【フルカラー】,[著]シャワンイン,30,2,[発行]閲文漫画
2022/03/01,【タテコミ】転生：トップスターの帰還（113）【フルカラー】,[著]シャワンイン,60,0,[発行]閲文漫画
2022/03/08,【タテコミ】転生：トップスターの帰還（114）【フルカラー】,[著]シャワンイン,30,2,[発行]閲文漫画
2022/03/08,【タテコミ】転生：トップスターの帰還（114）【フルカラー】,[著]シャワンイン,60,0,[発行]閲文漫画
2022/03/15,【タテコミ】転生：トップスターの帰還（115）【フルカラー】,[著]シャワンイン,30,2,[発行]閲文漫画
2022/03/15,【タテコミ】転生：トップスターの帰還（115）【フルカラー】,[著]シャワンイン,60,0,[発行]閲文漫画
2022/03/22,【タテコミ】転生：トップスターの帰還（116）【フルカラー】,[著]シャワンイン,30,2,[発行]閲文漫画
2022/03/22,【タテコミ】転生：トップスターの帰還（116）【フルカラー】,[著]シャワンイン,60,0,[発行]閲文漫画
2021/10/01,【タテコミ】赤い実の花は白（36）【フルカラー】,[著]IIE STAR,20,0,[発行]IIE STAR
2021/10/01,【タテコミ】赤い実の花は白（36）【フルカラー】,[著]IIE STAR,50,0,[発行]IIE STAR
2021/10/08,【タテコミ】赤い実の花は白（37）【フルカラー】,[著]IIE STAR,20,0,[発行]IIE STAR
2021/10/08,【タテコミ】赤い実の花は白（37）【フルカラー】,[著]IIE STAR,50,0,[発行]IIE STAR
2021/10/15,【タテコミ】赤い実の花は白（38）【フルカラー】,[著]IIE STAR,20,0,[発行]IIE STAR
2021/10/15,【タテコミ】赤い実の花は白（38）【フルカラー】,[著]IIE STAR,50,0,[発行]IIE STAR
2021/10/22,【タテコミ】赤い実の花は白（39）【フルカラー】,[著]IIE STAR,20,0,[発行]IIE STAR
2021/10/22,【タテコミ】赤い実の花は白（39）【フルカラー】,[著]IIE STAR,50,0,[発行]IIE STAR
2021/10/29,【タテコミ】赤い実の花は白（40）【フルカラー】,[著]IIE STAR,20,0,[発行]IIE STAR
2021/10/29,【タテコミ】赤い実の花は白（40）【フルカラー】,[著]IIE STAR,50,0,[発行]IIE STAR
2021/11/05,【タテコミ】赤い実の花は白（41）【フルカラー】,[著]IIE STAR,20,0,[発行]IIE STAR
2021/11/05,【タテコミ】赤い実の花は白（41）【フルカラー】,[著]IIE STAR,50,0,[発行]IIE STAR
2021/11/12,【タテコミ】赤い実の花は白（42）【フルカラー】,[著]IIE STAR,20,0,[発行]IIE STAR
2021/11/12,【タテコミ】赤い実の花は白（42）【フルカラー】,[著]IIE STAR,50,0,[発行]IIE STAR
2021/11/19,【タテコミ】赤い実の花は白（43）【フルカラー】,[著]IIE STAR,20,0,[発行]IIE STAR
2021/11/19,【タテコミ】赤い実の花は白（43）【フルカラー】,[著]IIE STAR,50,0,[発行]IIE STAR
2021/11/26,【タテコミ】赤い実の花は白（44）【フルカラー】,[著]IIE STAR,20,0,[発行]IIE STAR
2021/11/26,【タテコミ】赤い実の花は白（44）【フルカラー】,[著]IIE STAR,50,0,[発行]IIE STAR
2021/12/03,【タテコミ】赤い実の花は白（45）【フルカラー】,[著]IIE STAR,20,0,[発行]IIE STAR
2021/12/03,【タテコミ】赤い実の花は白（45）【フルカラー】,[著]IIE STAR,50,0,[発行]IIE STAR
2021/12/10,【タテコミ】赤い実の花は白（46）【フルカラー】,[著]IIE STAR,20,0,[発行]IIE STAR
2021/12/10,【タテコミ】赤い実の花は白（46）【フルカラー】,[著]IIE STAR,50,0,[発行]IIE STAR
2021/12/17,【タテコミ】赤い実の花は白（47）【フルカラー】,[著]IIE STAR,20,0,[発行]IIE STAR
2021/12/17,【タテコミ】赤い実の花は白（47）【フルカラー】,[著]IIE STAR,50,0,[発行]IIE STAR
2021/12/24,【タテコミ】赤い実の花は白（48）【フルカラー】,[著]IIE STAR,20,0,[発行]IIE STAR
2021/12/24,【タテコミ】赤い実の花は白（48）【フルカラー】,[著]IIE STAR,50,0,[発行]IIE STAR
2021/12/31,【タテコミ】赤い実の花は白（49）【フルカラー】,[著]IIE STAR,20,0,[発行]IIE STAR
2021/12/31,【タテコミ】赤い実の花は白（49）【フルカラー】,[著]IIE STAR,50,0,[発行]IIE STAR
2022/01/07,【タテコミ】赤い実の花は白（50）【フルカラー】,[著]IIE STAR,20,0,[発行]IIE STAR
2022/01/07,【タテコミ】赤い実の花は白（50）【フルカラー】,[著]IIE STAR,50,0,[発行]IIE STAR
2022/01/14,【タテコミ】赤い実の花は白（51）【フルカラー】,[著]IIE STAR,20,0,[発行]IIE STAR
2022/01/14,【タテコミ】赤い実の花は白（51）【フルカラー】,[著]IIE STAR,50,0,[発行]IIE STAR
2022/01/21,【タテコミ】赤い実の花は白（52）【フルカラー】,[著]IIE STAR,20,0,[発行]IIE STAR
2022/01/21,【タテコミ】赤い実の花は白（52）【フルカラー】,[著]IIE STAR,50,0,[発行]IIE STAR
2022/01/28,【タテコミ】赤い実の花は白（53）【フルカラー】,[著]IIE STAR,20,0,[発行]IIE STAR
2022/01/28,【タテコミ】赤い実の花は白（53）【フルカラー】,[著]IIE STAR,50,0,[発行]IIE STAR
2022/02/04,【タテコミ】赤い実の花は白（54）【フルカラー】,[著]IIE STAR,20,0,[発行]IIE STAR
2022/02/04,【タテコミ】赤い実の花は白（54）【フルカラー】,[著]IIE STAR,50,0,[発行]IIE STAR
2022/02/11,【タテコミ】赤い実の花は白（55）【フルカラー】,[著]IIE STAR,20,0,[発行]IIE STAR
2022/02/11,【タテコミ】赤い実の花は白（55）【フルカラー】,[著]IIE STAR,50,0,[発行]IIE STAR
2022/02/18,【タテコミ】赤い実の花は白（56）【フルカラー】,[著]IIE STAR,20,0,[発行]IIE STAR
2022/02/18,【タテコミ】赤い実の花は白（56）【フルカラー】,[著]IIE STAR,50,0,[発行]IIE STAR
2022/02/25,【タテコミ】赤い実の花は白（57）【フルカラー】,[著]IIE STAR,20,0,[発行]IIE STAR
2022/02/25,【タテコミ】赤い実の花は白（57）【フルカラー】,[著]IIE STAR,50,0,[発行]IIE STAR
2022/03/04,【タテコミ】赤い実の花は白（58）【フルカラー】,[著]IIE STAR,20,0,[発行]IIE STAR
2022/03/04,【タテコミ】赤い実の花は白（58）【フルカラー】,[著]IIE STAR,50,0,[発行]IIE STAR
2022/03/11,【タテコミ】赤い実の花は白（59）【フルカラー】,[著]IIE STAR,20,0,[発行]IIE STAR
2022/03/11,【タテコミ】赤い実の花は白（59）【フルカラー】,[著]IIE STAR,50,0,[発行]IIE STAR
2022/03/18,【タテコミ】赤い実の花は白（60）【フルカラー】,[著]IIE STAR,20,0,[発行]IIE STAR
2022/03/18,【タテコミ】赤い実の花は白（60）【フルカラー】,[著]IIE STAR,50,0,[発行]IIE STAR
2022/03/25,【タテコミ】赤い実の花は白（61）【フルカラー】,[著]IIE STAR,20,0,[発行]IIE STAR
2022/03/25,【タテコミ】赤い実の花は白（61）【フルカラー】,[著]IIE STAR,50,0,[発行]IIE STAR
2022/04/01,【タテコミ】赤い実の花は白（62）【フルカラー】,[著]IIE STAR,20,0,[発行]IIE STAR
2022/04/01,【タテコミ】赤い実の花は白（62）【フルカラー】,[著]IIE STAR,50,0,[発行]IIE STAR
2022/04/08,【タテコミ】赤い実の花は白（63）【フルカラー】,[著]IIE STAR,20,0,[発行]IIE STAR
2022/04/08,【タテコミ】赤い実の花は白（63）【フルカラー】,[著]IIE STAR,50,0,[発行]IIE STAR
2022/04/15,【タテコミ】赤い実の花は白（64）【フルカラー】,[著]IIE STAR,20,0,[発行]IIE STAR
2022/04/15,【タテコミ】赤い実の花は白（64）【フルカラー】,[著]IIE STAR,50,0,[発行]IIE STAR
2022/04/22,【タテコミ】赤い実の花は白（65）【フルカラー】,[著]IIE STAR,20,0,[発行]IIE STAR
2022/04/22,【タテコミ】赤い実の花は白（65）【フルカラー】,[著]IIE STAR,50,0,[発行]IIE STAR
2022/04/29,【タテコミ】赤い実の花は白（66）【フルカラー】,[著]IIE STAR,20,0,[発行]IIE STAR
2022/04/29,【タテコミ】赤い実の花は白（66）【フルカラー】,[著]IIE STAR,50,0,[発行]IIE STAR
2022/05/06,【タテコミ】赤い実の花は白（67）【フルカラー】,[著]IIE STAR,20,0,[発行]IIE STAR
2022/05/06,【タテコミ】赤い実の花は白（67）【フルカラー】,[著]IIE STAR,50,0,[発行]IIE STAR
2022/05/13,【タテコミ】赤い実の花は白（68）【フルカラー】,[著]IIE STAR,20,0,[発行]IIE STAR
2022/05/13,【タテコミ】赤い実の花は白（68）【フルカラー】,[著]IIE STAR,50,0,[発行]IIE STAR
2022/05/20,【タテコミ】赤い実の花は白（69）【フルカラー】,[著]IIE STAR,20,0,[発行]IIE STAR
2022/05/20,【タテコミ】赤い実の花は白（69）【フルカラー】,[著]IIE STAR,50,0,[発行]IIE STAR
2022/05/27,【タテコミ】赤い実の花は白（70）【フルカラー】,[著]IIE STAR,20,0,[発行]IIE STAR
2022/05/27,【タテコミ】赤い実の花は白（70）【フルカラー】,[著]IIE STAR,50,0,[発行]IIE STAR
2022/06/03,【タテコミ】赤い実の花は白（71）【フルカラー】,[著]IIE STAR,20,0,[発行]IIE STAR
2022/06/03,【タテコミ】赤い実の花は白（71）【フルカラー】,[著]IIE STAR,50,0,[発行]IIE STAR
2022/06/10,【タテコミ】赤い実の花は白（72）【フルカラー】,[著]IIE STAR,20,0,[発行]IIE STAR
2022/06/10,【タテコミ】赤い実の花は白（72）【フルカラー】,[著]IIE STAR,50,0,[発行]IIE STAR
2022/06/17,【タテコミ】赤い実の花は白（73）【フルカラー】,[著]IIE STAR,20,0,[発行]IIE STAR
2022/06/17,【タテコミ】赤い実の花は白（73）【フルカラー】,[著]IIE STAR,50,0,[発行]IIE STAR
2022/06/24,【タテコミ】赤い実の花は白（74）【フルカラー】,[著]IIE STAR,20,0,[発行]IIE STAR
2022/06/24,【タテコミ】赤い実の花は白（74）【フルカラー】,[著]IIE STAR,50,0,[発行]IIE STAR
2022/07/01,【タテコミ】赤い実の花は白（75）【フルカラー】,[著]IIE STAR,20,0,[発行]IIE STAR
2022/07/01,【タテコミ】赤い実の花は白（75）【フルカラー】,[著]IIE STAR,50,0,[発行]IIE STAR
2022/07/08,【タテコミ】赤い実の花は白（76）【フルカラー】,[著]IIE STAR,20,0,[発行]IIE STAR
2022/07/08,【タテコミ】赤い実の花は白（76）【フルカラー】,[著]IIE STAR,50,0,[発行]IIE STAR
2022/07/15,【タテコミ】赤い実の花は白（77）【フルカラー】,[著]IIE STAR,20,0,[発行]IIE STAR
2022/07/15,【タテコミ】赤い実の花は白（77）【フルカラー】,[著]IIE STAR,50,0,[発行]IIE STAR
2022/07/22,【タテコミ】赤い実の花は白（78）【フルカラー】,[著]IIE STAR,20,0,[発行]IIE STAR
2022/07/22,【タテコミ】赤い実の花は白（78）【フルカラー】,[著]IIE STAR,50,0,[発行]IIE STAR
2022/07/29,【タテコミ】赤い実の花は白（79）【フルカラー】,[著]IIE STAR,20,0,[発行]IIE STAR
2022/07/29,【タテコミ】赤い実の花は白（79）【フルカラー】,[著]IIE STAR,50,0,[発行]IIE STAR
2022/08/05,【タテコミ】赤い実の花は白（80）【フルカラー】,[著]IIE STAR,20,0,[発行]IIE STAR
2022/08/05,【タテコミ】赤い実の花は白（80）【フルカラー】,[著]IIE STAR,50,0,[発行]IIE STAR
2022/08/12,【タテコミ】赤い実の花は白（81）【フルカラー】,[著]IIE STAR,20,0,[発行]IIE STAR
2022/08/12,【タテコミ】赤い実の花は白（81）【フルカラー】,[著]IIE STAR,50,0,[発行]IIE STAR
2022/08/19,【タテコミ】赤い実の花は白（82）【フルカラー】,[著]IIE STAR,20,0,[発行]IIE STAR
2022/08/19,【タテコミ】赤い実の花は白（82）【フルカラー】,[著]IIE STAR,50,0,[発行]IIE STAR
2022/08/26,【タテコミ】赤い実の花は白（83）【フルカラー】,[著]IIE STAR,20,0,[発行]IIE STAR
2022/08/26,【タテコミ】赤い実の花は白（83）【フルカラー】,[著]IIE STAR,50,0,[発行]IIE STAR
2022/09/02,【タテコミ】赤い実の花は白（84）【フルカラー】,[著]IIE STAR,20,0,[発行]IIE STAR
2022/09/02,【タテコミ】赤い実の花は白（84）【フルカラー】,[著]IIE STAR,50,0,[発行]IIE STAR
2022/09/09,【タテコミ】赤い実の花は白（85）【フルカラー】,[著]IIE STAR,20,0,[発行]IIE STAR
2022/09/09,【タテコミ】赤い実の花は白（85）【フルカラー】,[著]IIE STAR,50,0,[発行]IIE STAR
2022/09/16,【タテコミ】赤い実の花は白（86）【フルカラー】,[著]IIE STAR,20,0,[発行]IIE STAR
2022/09/16,【タテコミ】赤い実の花は白（86）【フルカラー】,[著]IIE STAR,50,0,[発行]IIE STAR
2022/09/23,【タテコミ】赤い実の花は白（87）【フルカラー】,[著]IIE STAR,20,0,[発行]IIE STAR
2022/09/23,【タテコミ】赤い実の花は白（87）【フルカラー】,[著]IIE STAR,50,0,[発行]IIE STAR
2022/09/30,【タテコミ】赤い実の花は白（88）【フルカラー】,[著]IIE STAR,20,0,[発行]IIE STAR
2022/09/30,【タテコミ】赤い実の花は白（88）【フルカラー】,[著]IIE STAR,50,0,[発行]IIE STAR
2022/10/07,【タテコミ】赤い実の花は白（89）【フルカラー】,[著]IIE STAR,20,0,[発行]IIE STAR
2022/10/07,【タテコミ】赤い実の花は白（89）【フルカラー】,[著]IIE STAR,50,0,[発行]IIE STAR
2022/10/14,【タテコミ】赤い実の花は白（90）【フルカラー】,[著]IIE STAR,20,0,[発行]IIE STAR
2022/10/14,【タテコミ】赤い実の花は白（90）【フルカラー】,[著]IIE STAR,50,0,[発行]IIE STAR
2022/10/21,【タテコミ】赤い実の花は白（91）【フルカラー】,[著]IIE STAR,20,0,[発行]IIE STAR
2022/10/21,【タテコミ】赤い実の花は白（91）【フルカラー】,[著]IIE STAR,50,0,[発行]IIE STAR
2022/10/28,【タテコミ】赤い実の花は白（92）【フルカラー】,[著]IIE STAR,20,0,[発行]IIE STAR
2022/10/28,【タテコミ】赤い実の花は白（92）【フルカラー】,[著]IIE STAR,50,0,[発行]IIE STAR
2022/11/04,【タテコミ】赤い実の花は白（93）【フルカラー】,[著]IIE STAR,20,0,[発行]IIE STAR
2022/11/04,【タテコミ】赤い実の花は白（93）【フルカラー】,[著]IIE STAR,50,0,[発行]IIE STAR
2022/11/11,【タテコミ】赤い実の花は白（94）【フルカラー】,[著]IIE STAR,20,0,[発行]IIE STAR
2022/11/11,【タテコミ】赤い実の花は白（94）【フルカラー】,[著]IIE STAR,50,0,[発行]IIE STAR
2022/11/18,【タテコミ】赤い実の花は白（95）【フルカラー】,[著]IIE STAR,20,0,[発行]IIE STAR
2022/11/18,【タテコミ】赤い実の花は白（95）【フルカラー】,[著]IIE STAR,50,0,[発行]IIE STAR
2022/11/25,【タテコミ】赤い実の花は白（96）【フルカラー】,[著]IIE STAR,20,0,[発行]IIE STAR
2022/11/25,【タテコミ】赤い実の花は白（96）【フルカラー】,[著]IIE STAR,50,0,[発行]IIE STAR
2022/12/02,【タテコミ】赤い実の花は白（97）【フルカラー】,[著]IIE STAR,20,0,[発行]IIE STAR
2022/12/02,【タテコミ】赤い実の花は白（97）【フルカラー】,[著]IIE STAR,50,0,[発行]IIE STAR
2021/10/29,【タテコミ】その魔女を放せ（101）【フルカラー】,[著]二目,30,8,[発行]閲文漫画
2021/10/29,【タテコミ】その魔女を放せ（101）【フルカラー】,[著]二目,60,2,[発行]閲文漫画
2021/11/05,【タテコミ】その魔女を放せ（102）【フルカラー】,[著]二目,30,8,[発行]閲文漫画
2021/11/05,【タテコミ】その魔女を放せ（102）【フルカラー】,[著]二目,60,3,[発行]閲文漫画
2021/11/05,【タテコミ】その魔女を放せ（103）【フルカラー】,[著]二目,30,8,[発行]閲文漫画
2021/11/05,【タテコミ】その魔女を放せ（103）【フルカラー】,[著]二目,60,3,[発行]閲文漫画
2021/11/12,【タテコミ】その魔女を放せ（104）【フルカラー】,[著]二目,30,8,[発行]閲文漫画
2021/11/12,【タテコミ】その魔女を放せ（104）【フルカラー】,[著]二目,60,3,[発行]閲文漫画
2021/11/12,【タテコミ】その魔女を放せ（105）【フルカラー】,[著]二目,30,8,[発行]閲文漫画
2021/11/12,【タテコミ】その魔女を放せ（105）【フルカラー】,[著]二目,60,3,[発行]閲文漫画
2021/11/19,【タテコミ】その魔女を放せ（106）【フルカラー】,[著]二目,30,9,[発行]閲文漫画
2021/11/19,【タテコミ】その魔女を放せ（106）【フルカラー】,[著]二目,60,3,[発行]閲文漫画
2021/11/19,【タテコミ】その魔女を放せ（107）【フルカラー】,[著]二目,30,9,[発行]閲文漫画
2021/11/19,【タテコミ】その魔女を放せ（107）【フルカラー】,[著]二目,60,3,[発行]閲文漫画
2021/11/26,【タテコミ】その魔女を放せ（108）【フルカラー】,[著]二目,30,9,[発行]閲文漫画
2021/11/26,【タテコミ】その魔女を放せ（108）【フルカラー】,[著]二目,60,3,[発行]閲文漫画
2021/11/26,【タテコミ】その魔女を放せ（109）【フルカラー】,[著]二目,30,8,[発行]閲文漫画
2021/11/26,【タテコミ】その魔女を放せ（109）【フルカラー】,[著]二目,60,3,[発行]閲文漫画
2021/12/03,【タテコミ】その魔女を放せ（110）【フルカラー】,[著]二目,30,8,[発行]閲文漫画
2021/12/03,【タテコミ】その魔女を放せ（110）【フルカラー】,[著]二目,60,3,[発行]閲文漫画
2021/12/03,【タテコミ】その魔女を放せ（111）【フルカラー】,[著]二目,30,8,[発行]閲文漫画
2021/12/03,【タテコミ】その魔女を放せ（111）【フルカラー】,[著]二目,60,3,[発行]閲文漫画
2021/12/10,【タテコミ】その魔女を放せ（112）【フルカラー】,[著]二目,30,8,[発行]閲文漫画
2021/12/10,【タテコミ】その魔女を放せ（112）【フルカラー】,[著]二目,60,3,[発行]閲文漫画
2021/12/10,【タテコミ】その魔女を放せ（113）【フルカラー】,[著]二目,30,8,[発行]閲文漫画
2021/12/10,【タテコミ】その魔女を放せ（113）【フルカラー】,[著]二目,60,3,[発行]閲文漫画
2021/12/17,【タテコミ】その魔女を放せ（114）【フルカラー】,[著]二目,30,9,[発行]閲文漫画
2021/12/17,【タテコミ】その魔女を放せ（114）【フルカラー】,[著]二目,60,3,[発行]閲文漫画
2021/12/17,【タテコミ】その魔女を放せ（115）【フルカラー】,[著]二目,30,9,[発行]閲文漫画
2021/12/17,【タテコミ】その魔女を放せ（115）【フルカラー】,[著]二目,60,3,[発行]閲文漫画
2021/12/24,【タテコミ】その魔女を放せ（116）【フルカラー】,[著]二目,30,8,[発行]閲文漫画
2021/12/24,【タテコミ】その魔女を放せ（116）【フルカラー】,[著]二目,60,3,[発行]閲文漫画
2021/12/24,【タテコミ】その魔女を放せ（117）【フルカラー】,[著]二目,30,8,[発行]閲文漫画
2021/12/24,【タテコミ】その魔女を放せ（117）【フルカラー】,[著]二目,60,3,[発行]閲文漫画
2021/12/31,【タテコミ】その魔女を放せ（118）【フルカラー】,[著]二目,30,8,[発行]閲文漫画
2021/12/31,【タテコミ】その魔女を放せ（118）【フルカラー】,[著]二目,60,3,[発行]閲文漫画
2021/12/31,【タテコミ】その魔女を放せ（119）【フルカラー】,[著]二目,30,9,[発行]閲文漫画
2021/12/31,【タテコミ】その魔女を放せ（119）【フルカラー】,[著]二目,60,3,[発行]閲文漫画
2022/01/07,【タテコミ】その魔女を放せ（120）【フルカラー】,[著]二目,30,9,[発行]閲文漫画
2022/01/07,【タテコミ】その魔女を放せ（120）【フルカラー】,[著]二目,60,3,[発行]閲文漫画
2022/01/07,【タテコミ】その魔女を放せ（121）【フルカラー】,[著]二目,30,8,[発行]閲文漫画
2022/01/07,【タテコミ】その魔女を放せ（121）【フルカラー】,[著]二目,60,3,[発行]閲文漫画
2022/01/14,【タテコミ】その魔女を放せ（122）【フルカラー】,[著]二目,30,8,[発行]閲文漫画
2022/01/14,【タテコミ】その魔女を放せ（122）【フルカラー】,[著]二目,60,3,[発行]閲文漫画
2022/01/14,【タテコミ】その魔女を放せ（123）【フルカラー】,[著]二目,30,8,[発行]閲文漫画
2022/01/14,【タテコミ】その魔女を放せ（123）【フルカラー】,[著]二目,60,3,[発行]閲文漫画
2022/01/21,【タテコミ】その魔女を放せ（124）【フルカラー】,[著]二目,30,8,[発行]閲文漫画
2022/01/21,【タテコミ】その魔女を放せ（124）【フルカラー】,[著]二目,60,3,[発行]閲文漫画
2022/01/21,【タテコミ】その魔女を放せ（125）【フルカラー】,[著]二目,30,8,[発行]閲文漫画
2022/01/21,【タテコミ】その魔女を放せ（125）【フルカラー】,[著]二目,60,3,[発行]閲文漫画
2022/01/28,【タテコミ】その魔女を放せ（126）【フルカラー】,[著]二目,30,8,[発行]閲文漫画
2022/01/28,【タテコミ】その魔女を放せ（126）【フルカラー】,[著]二目,60,3,[発行]閲文漫画
2022/01/28,【タテコミ】その魔女を放せ（127）【フルカラー】,[著]二目,30,8,[発行]閲文漫画
2022/01/28,【タテコミ】その魔女を放せ（127）【フルカラー】,[著]二目,60,3,[発行]閲文漫画
2022/02/04,【タテコミ】その魔女を放せ（128）【フルカラー】,[著]二目,30,8,[発行]閲文漫画
2022/02/04,【タテコミ】その魔女を放せ（128）【フルカラー】,[著]二目,60,3,[発行]閲文漫画
2022/02/11,【タテコミ】その魔女を放せ（129）【フルカラー】,[著]二目,30,9,[発行]閲文漫画
2022/02/11,【タテコミ】その魔女を放せ（129）【フルカラー】,[著]二目,60,3,[発行]閲文漫画
2022/02/18,【タテコミ】その魔女を放せ（130）【フルカラー】,[著]二目,30,9,[発行]閲文漫画
2022/02/18,【タテコミ】その魔女を放せ（130）【フルカラー】,[著]二目,60,3,[発行]閲文漫画
2022/02/25,【タテコミ】その魔女を放せ（131）【フルカラー】,[著]二目,30,9,[発行]閲文漫画
2022/02/25,【タテコミ】その魔女を放せ（131）【フルカラー】,[著]二目,60,3,[発行]閲文漫画
2022/03/04,【タテコミ】その魔女を放せ（132）【フルカラー】,[著]二目,30,8,[発行]閲文漫画
2022/03/04,【タテコミ】その魔女を放せ（132）【フルカラー】,[著]二目,60,3,[発行]閲文漫画
2022/03/11,【タテコミ】その魔女を放せ（133）【フルカラー】,[著]二目,30,8,[発行]閲文漫画
2022/03/11,【タテコミ】その魔女を放せ（133）【フルカラー】,[著]二目,60,3,[発行]閲文漫画
2022/03/18,【タテコミ】その魔女を放せ（134）【フルカラー】,[著]二目,30,8,[発行]閲文漫画
2022/03/18,【タテコミ】その魔女を放せ（134）【フルカラー】,[著]二目,60,3,[発行]閲文漫画
2022/03/25,【タテコミ】その魔女を放せ（135）【フルカラー】,[著]二目,30,9,[発行]閲文漫画
2022/03/25,【タテコミ】その魔女を放せ（135）【フルカラー】,[著]二目,60,2,[発行]閲文漫画
2022/04/01,【タテコミ】その魔女を放せ（136）【フルカラー】,[著]二目,30,9,[発行]閲文漫画
2022/04/01,【タテコミ】その魔女を放せ（136）【フルカラー】,[著]二目,60,2,[発行]閲文漫画
2022/04/08,【タテコミ】その魔女を放せ（137）【フルカラー】,[著]二目,30,9,[発行]閲文漫画
2022/04/08,【タテコミ】その魔女を放せ（137）【フルカラー】,[著]二目,60,2,[発行]閲文漫画
2022/04/15,【タテコミ】その魔女を放せ（138）【フルカラー】,[著]二目,30,9,[発行]閲文漫画
2022/04/15,【タテコミ】その魔女を放せ（138）【フルカラー】,[著]二目,60,2,[発行]閲文漫画
2022/04/22,【タテコミ】その魔女を放せ（139）【フルカラー】,[著]二目,30,9,[発行]閲文漫画
2022/04/22,【タテコミ】その魔女を放せ（139）【フルカラー】,[著]二目,60,2,[発行]閲文漫画
2022/04/29,【タテコミ】その魔女を放せ（140）【フルカラー】,[著]二目,30,9,[発行]閲文漫画
2022/04/29,【タテコミ】その魔女を放せ（140）【フルカラー】,[著]二目,60,2,[発行]閲文漫画
2022/05/06,【タテコミ】その魔女を放せ（141）【フルカラー】,[著]二目,30,9,[発行]閲文漫画
2022/05/06,【タテコミ】その魔女を放せ（141）【フルカラー】,[著]二目,60,2,[発行]閲文漫画
2022/05/13,【タテコミ】その魔女を放せ（142）【フルカラー】,[著]二目,30,8,[発行]閲文漫画
2022/05/13,【タテコミ】その魔女を放せ（142）【フルカラー】,[著]二目,60,2,[発行]閲文漫画
2022/05/20,【タテコミ】その魔女を放せ（143）【フルカラー】,[著]二目,30,8,[発行]閲文漫画
2022/05/20,【タテコミ】その魔女を放せ（143）【フルカラー】,[著]二目,60,2,[発行]閲文漫画
2022/05/27,【タテコミ】その魔女を放せ（144）【フルカラー】,[著]二目,30,8,[発行]閲文漫画
2022/05/27,【タテコミ】その魔女を放せ（144）【フルカラー】,[著]二目,60,2,[発行]閲文漫画
2022/06/03,【タテコミ】その魔女を放せ（145）【フルカラー】,[著]二目,30,8,[発行]閲文漫画
2022/06/03,【タテコミ】その魔女を放せ（145）【フルカラー】,[著]二目,60,2,[発行]閲文漫画
2022/06/10,【タテコミ】その魔女を放せ（146）【フルカラー】,[著]二目,30,8,[発行]閲文漫画
2022/06/10,【タテコミ】その魔女を放せ（146）【フルカラー】,[著]二目,60,2,[発行]閲文漫画
2022/06/17,【タテコミ】その魔女を放せ（147）【フルカラー】,[著]二目,30,8,[発行]閲文漫画
2022/06/17,【タテコミ】その魔女を放せ（147）【フルカラー】,[著]二目,60,2,[発行]閲文漫画
2022/06/24,【タテコミ】その魔女を放せ（148）【フルカラー】,[著]二目,30,8,[発行]閲文漫画
2022/06/24,【タテコミ】その魔女を放せ（148）【フルカラー】,[著]二目,60,2,[発行]閲文漫画
2022/07/01,【タテコミ】その魔女を放せ（149）【フルカラー】,[著]二目,30,8,[発行]閲文漫画
2022/07/01,【タテコミ】その魔女を放せ（149）【フルカラー】,[著]二目,60,2,[発行]閲文漫画
2022/07/08,【タテコミ】その魔女を放せ（150）【フルカラー】,[著]二目,30,8,[発行]閲文漫画
2022/07/08,【タテコミ】その魔女を放せ（150）【フルカラー】,[著]二目,60,2,[発行]閲文漫画
2022/06/03,【タテコミ】転生：トップスターの帰還（117）【フルカラー】,[著]シャワンイン,30,2,[発行]閲文漫画
2022/06/03,【タテコミ】転生：トップスターの帰還（117）【フルカラー】,[著]シャワンイン,60,0,[発行]閲文漫画
2022/06/10,【タテコミ】転生：トップスターの帰還（118）【フルカラー】,[著]シャワンイン,30,2,[発行]閲文漫画
2022/06/10,【タテコミ】転生：トップスターの帰還（118）【フルカラー】,[著]シャワンイン,60,0,[発行]閲文漫画
2022/06/17,【タテコミ】転生：トップスターの帰還（119）【フルカラー】,[著]シャワンイン,30,2,[発行]閲文漫画
2022/06/17,【タテコミ】転生：トップスターの帰還（119）【フルカラー】,[著]シャワンイン,60,0,[発行]閲文漫画
2022/06/24,【タテコミ】転生：トップスターの帰還（120）【フルカラー】,[著]シャワンイン,30,2,[発行]閲文漫画
2022/06/24,【タテコミ】転生：トップスターの帰還（120）【フルカラー】,[著]シャワンイン,60,0,[発行]閲文漫画
2022/07/01,【タテコミ】転生：トップスターの帰還（121）【フルカラー】,[著]シャワンイン,30,2,[発行]閲文漫画
2022/07/01,【タテコミ】転生：トップスターの帰還（121）【フルカラー】,[著]シャワンイン,60,0,[発行]閲文漫画
2022/07/08,【タテコミ】転生：トップスターの帰還（122）【フルカラー】,[著]シャワンイン,30,2,[発行]閲文漫画
2022/07/08,【タテコミ】転生：トップスターの帰還（122）【フルカラー】,[著]シャワンイン,60,0,[発行]閲文漫画
2022/07/15,【タテコミ】転生：トップスターの帰還（123）【フルカラー】,[著]シャワンイン,30,2,[発行]閲文漫画
2022/07/15,【タテコミ】転生：トップスターの帰還（123）【フルカラー】,[著]シャワンイン,60,0,[発行]閲文漫画
2022/07/22,【タテコミ】転生：トップスターの帰還（124）【フルカラー】,[著]シャワンイン,30,2,[発行]閲文漫画
2022/07/22,【タテコミ】転生：トップスターの帰還（124）【フルカラー】,[著]シャワンイン,60,0,[発行]閲文漫画
2022/07/29,【タテコミ】転生：トップスターの帰還（125）【フルカラー】,[著]シャワンイン,30,2,[発行]閲文漫画
2022/07/29,【タテコミ】転生：トップスターの帰還（125）【フルカラー】,[著]シャワンイン,60,0,[発行]閲文漫画
2022/08/05,【タテコミ】転生：トップスターの帰還（126）【フルカラー】,[著]シャワンイン,30,2,[発行]閲文漫画
2022/08/05,【タテコミ】転生：トップスターの帰還（126）【フルカラー】,[著]シャワンイン,60,0,[発行]閲文漫画
2022/08/12,【タテコミ】転生：トップスターの帰還（127）【フルカラー】,[著]シャワンイン,30,2,[発行]閲文漫画
2022/08/12,【タテコミ】転生：トップスターの帰還（127）【フルカラー】,[著]シャワンイン,60,0,[発行]閲文漫画
2022/08/19,【タテコミ】転生：トップスターの帰還（128）【フルカラー】,[著]シャワンイン,30,2,[発行]閲文漫画
2022/08/19,【タテコミ】転生：トップスターの帰還（128）【フルカラー】,[著]シャワンイン,60,0,[発行]閲文漫画
2022/08/26,【タテコミ】転生：トップスターの帰還（129）【フルカラー】,[著]シャワンイン,30,2,[発行]閲文漫画
2022/08/26,【タテコミ】転生：トップスターの帰還（129）【フルカラー】,[著]シャワンイン,60,0,[発行]閲文漫画
2022/09/02,【タテコミ】転生：トップスターの帰還（130）【フルカラー】,[著]シャワンイン,30,2,[発行]閲文漫画
2022/09/02,【タテコミ】転生：トップスターの帰還（130）【フルカラー】,[著]シャワンイン,60,0,[発行]閲文漫画
2022/09/09,【タテコミ】転生：トップスターの帰還（131）【フルカラー】,[著]シャワンイン,30,2,[発行]閲文漫画
2022/09/09,【タテコミ】転生：トップスターの帰還（131）【フルカラー】,[著]シャワンイン,60,0,[発行]閲文漫画
2022/09/16,【タテコミ】転生：トップスターの帰還（132）【フルカラー】,[著]シャワンイン,30,2,[発行]閲文漫画
2022/09/16,【タテコミ】転生：トップスターの帰還（132）【フルカラー】,[著]シャワンイン,60,0,[発行]閲文漫画
2022/09/23,【タテコミ】転生：トップスターの帰還（133）【フルカラー】,[著]シャワンイン,30,2,[発行]閲文漫画
2022/09/23,【タテコミ】転生：トップスターの帰還（133）【フルカラー】,[著]シャワンイン,60,0,[発行]閲文漫画
2022/09/30,【タテコミ】転生：トップスターの帰還（134）【フルカラー】,[著]シャワンイン,30,2,[発行]閲文漫画
2022/09/30,【タテコミ】転生：トップスターの帰還（134）【フルカラー】,[著]シャワンイン,60,0,[発行]閲文漫画
2022/10/07,【タテコミ】転生：トップスターの帰還（135）【フルカラー】,[著]シャワンイン,30,2,[発行]閲文漫画
2022/10/07,【タテコミ】転生：トップスターの帰還（135）【フルカラー】,[著]シャワンイン,60,0,[発行]閲文漫画
2022/10/14,【タテコミ】転生：トップスターの帰還（136）【フルカラー】,[著]シャワンイン,30,2,[発行]閲文漫画
2022/10/14,【タテコミ】転生：トップスターの帰還（136）【フルカラー】,[著]シャワンイン,60,0,[発行]閲文漫画
2022/10/21,【タテコミ】転生：トップスターの帰還（137）【フルカラー】,[著]シャワンイン,30,2,[発行]閲文漫画
2022/10/21,【タテコミ】転生：トップスターの帰還（137）【フルカラー】,[著]シャワンイン,60,0,[発行]閲文漫画
2022/10/28,【タテコミ】転生：トップスターの帰還（138）【フルカラー】,[著]シャワンイン,30,2,[発行]閲文漫画
2022/10/28,【タテコミ】転生：トップスターの帰還（138）【フルカラー】,[著]シャワンイン,60,0,[発行]閲文漫画
2022/11/04,【タテコミ】転生：トップスターの帰還（139）【フルカラー】,[著]シャワンイン,30,2,[発行]閲文漫画
2022/11/04,【タテコミ】転生：トップスターの帰還（139）【フルカラー】,[著]シャワンイン,60,0,[発行]閲文漫画
2022/11/11,【タテコミ】転生：トップスターの帰還（140）【フルカラー】,[著]シャワンイン,30,2,[発行]閲文漫画
2022/11/11,【タテコミ】転生：トップスターの帰還（140）【フルカラー】,[著]シャワンイン,60,0,[発行]閲文漫画
2022/11/18,【タテコミ】転生：トップスターの帰還（141）【フルカラー】,[著]シャワンイン,30,2,[発行]閲文漫画
2022/11/18,【タテコミ】転生：トップスターの帰還（141）【フルカラー】,[著]シャワンイン,60,0,[発行]閲文漫画
2022/11/25,【タテコミ】転生：トップスターの帰還（142）【フルカラー】,[著]シャワンイン,30,2,[発行]閲文漫画
2022/11/25,【タテコミ】転生：トップスターの帰還（142）【フルカラー】,[著]シャワンイン,60,0,[発行]閲文漫画
2022/12/02,【タテコミ】転生：トップスターの帰還（143）【フルカラー】,[著]シャワンイン,30,2,[発行]閲文漫画
2022/12/02,【タテコミ】転生：トップスターの帰還（143）【フルカラー】,[著]シャワンイン,60,0,[発行]閲文漫画
2022/12/09,【タテコミ】転生：トップスターの帰還（144）【フルカラー】,[著]シャワンイン,30,2,[発行]閲文漫画
2022/12/09,【タテコミ】転生：トップスターの帰還（144）【フルカラー】,[著]シャワンイン,60,0,[発行]閲文漫画
2022/12/16,【タテコミ】転生：トップスターの帰還（145）【フルカラー】,[著]シャワンイン,30,2,[発行]閲文漫画
2022/12/16,【タテコミ】転生：トップスターの帰還（145）【フルカラー】,[著]シャワンイン,60,0,[発行]閲文漫画
2022/12/23,【タテコミ】転生：トップスターの帰還（146）【フルカラー】,[著]シャワンイン,30,2,[発行]閲文漫画
2022/12/23,【タテコミ】転生：トップスターの帰還（146）【フルカラー】,[著]シャワンイン,60,0,[発行]閲文漫画
2022/12/30,【タテコミ】転生：トップスターの帰還（147）【フルカラー】,[著]シャワンイン,30,2,[発行]閲文漫画
2022/12/30,【タテコミ】転生：トップスターの帰還（147）【フルカラー】,[著]シャワンイン,60,0,[発行]閲文漫画
2023/01/06,【タテコミ】転生：トップスターの帰還（148）【フルカラー】,[著]シャワンイン,30,2,[発行]閲文漫画
2023/01/06,【タテコミ】転生：トップスターの帰還（148）【フルカラー】,[著]シャワンイン,60,0,[発行]閲文漫画
2023/01/13,【タテコミ】転生：トップスターの帰還（149）【フルカラー】,[著]シャワンイン,30,2,[発行]閲文漫画
2023/01/13,【タテコミ】転生：トップスターの帰還（149）【フルカラー】,[著]シャワンイン,60,0,[発行]閲文漫画
2023/01/20,【タテコミ】転生：トップスターの帰還（150）【フルカラー】,[著]シャワンイン,30,2,[発行]閲文漫画
2023/01/20,【タテコミ】転生：トップスターの帰還（150）【フルカラー】,[著]シャワンイン,60,0,[発行]閲文漫画
2023/01/27,【タテコミ】転生：トップスターの帰還（151）【フルカラー】,[著]シャワンイン,30,2,[発行]閲文漫画
2023/01/27,【タテコミ】転生：トップスターの帰還（151）【フルカラー】,[著]シャワンイン,60,0,[発行]閲文漫画
2023/02/03,【タテコミ】転生：トップスターの帰還（152）【フルカラー】,[著]シャワンイン,30,2,[発行]閲文漫画
2023/02/03,【タテコミ】転生：トップスターの帰還（152）【フルカラー】,[著]シャワンイン,60,0,[発行]閲文漫画
2023/02/10,【タテコミ】転生：トップスターの帰還（153）【フルカラー】,[著]シャワンイン,30,2,[発行]閲文漫画
2023/02/10,【タテコミ】転生：トップスターの帰還（153）【フルカラー】,[著]シャワンイン,60,0,[発行]閲文漫画
2023/02/17,【タテコミ】転生：トップスターの帰還（154）【フルカラー】,[著]シャワンイン,30,2,[発行]閲文漫画
2023/02/17,【タテコミ】転生：トップスターの帰還（154）【フルカラー】,[著]シャワンイン,60,0,[発行]閲文漫画
2023/02/24,【タテコミ】転生：トップスターの帰還（155）【フルカラー】,[著]シャワンイン,30,2,[発行]閲文漫画
2023/02/24,【タテコミ】転生：トップスターの帰還（155）【フルカラー】,[著]シャワンイン,60,0,[発行]閲文漫画
2023/03/03,【タテコミ】転生：トップスターの帰還（156）【フルカラー】,[著]シャワンイン,30,2,[発行]閲文漫画
2023/03/03,【タテコミ】転生：トップスターの帰還（156）【フルカラー】,[著]シャワンイン,60,0,[発行]閲文漫画
2023/03/10,【タテコミ】転生：トップスターの帰還（157）【フルカラー】,[著]シャワンイン,30,2,[発行]閲文漫画
2023/03/10,【タテコミ】転生：トップスターの帰還（157）【フルカラー】,[著]シャワンイン,60,0,[発行]閲文漫画
2023/03/17,【タテコミ】転生：トップスターの帰還（158）【フルカラー】,[著]シャワンイン,30,3,[発行]閲文漫画
2023/03/17,【タテコミ】転生：トップスターの帰還（158）【フルカラー】,[著]シャワンイン,60,0,[発行]閲文漫画
2023/03/24,【タテコミ】転生：トップスターの帰還（159）【フルカラー】,[著]シャワンイン,30,4,[発行]閲文漫画
2023/03/24,【タテコミ】転生：トップスターの帰還（159）【フルカラー】,[著]シャワンイン,60,0,[発行]閲文漫画
2023/03/31,【タテコミ】転生：トップスターの帰還（160）【フルカラー】,[著]シャワンイン,30,4,[発行]閲文漫画
2023/03/31,【タテコミ】転生：トップスターの帰還（160）【フルカラー】,[著]シャワンイン,60,0,[発行]閲文漫画
2023/04/07,【タテコミ】転生：トップスターの帰還（161）【フルカラー】,[著]シャワンイン,30,4,[発行]閲文漫画
2023/04/07,【タテコミ】転生：トップスターの帰還（161）【フルカラー】,[著]シャワンイン,60,0,[発行]閲文漫画
2023/04/14,【タテコミ】転生：トップスターの帰還（162）【フルカラー】,[著]シャワンイン,30,4,[発行]閲文漫画
2023/04/14,【タテコミ】転生：トップスターの帰還（162）【フルカラー】,[著]シャワンイン,60,0,[発行]閲文漫画
2023/04/21,【タテコミ】転生：トップスターの帰還（163）【フルカラー】,[著]シャワンイン,30,3,[発行]閲文漫画
2023/04/21,【タテコミ】転生：トップスターの帰還（163）【フルカラー】,[著]シャワンイン,60,0,[発行]閲文漫画
2023/04/28,【タテコミ】転生：トップスターの帰還（164）【フルカラー】,[著]シャワンイン,30,3,[発行]閲文漫画
2023/04/28,【タテコミ】転生：トップスターの帰還（164）【フルカラー】,[著]シャワンイン,60,0,[発行]閲文漫画
2023/05/05,【タテコミ】転生：トップスターの帰還（165）【フルカラー】,[著]シャワンイン,30,3,[発行]閲文漫画
2023/05/05,【タテコミ】転生：トップスターの帰還（165）【フルカラー】,[著]シャワンイン,60,0,[発行]閲文漫画
2023/05/12,【タテコミ】転生：トップスターの帰還（166）【フルカラー】,[著]シャワンイン,30,3,[発行]閲文漫画
2023/05/12,【タテコミ】転生：トップスターの帰還（166）【フルカラー】,[著]シャワンイン,60,0,[発行]閲文漫画
2023/05/19,【タテコミ】転生：トップスターの帰還（167）【フルカラー】,[著]シャワンイン,30,3,[発行]閲文漫画
2023/05/19,【タテコミ】転生：トップスターの帰還（167）【フルカラー】,[著]シャワンイン,60,0,[発行]閲文漫画
2023/05/26,【タテコミ】転生：トップスターの帰還（168）【フルカラー】,[著]シャワンイン,30,3,[発行]閲文漫画
2023/05/26,【タテコミ】転生：トップスターの帰還（168）【フルカラー】,[著]シャワンイン,60,0,[発行]閲文漫画
2023/06/02,【タテコミ】転生：トップスターの帰還（169）【フルカラー】,[著]シャワンイン,30,3,[発行]閲文漫画
2023/06/02,【タテコミ】転生：トップスターの帰還（169）【フルカラー】,[著]シャワンイン,60,0,[発行]閲文漫画
2023/06/09,【タテコミ】転生：トップスターの帰還（170）【フルカラー】,[著]シャワンイン,30,3,[発行]閲文漫画
2023/06/09,【タテコミ】転生：トップスターの帰還（170）【フルカラー】,[著]シャワンイン,60,0,[発行]閲文漫画
2023/06/16,【タテコミ】転生：トップスターの帰還（171）【フルカラー】,[著]シャワンイン,30,2,[発行]閲文漫画
2023/06/16,【タテコミ】転生：トップスターの帰還（171）【フルカラー】,[著]シャワンイン,60,0,[発行]閲文漫画
2023/06/23,【タテコミ】転生：トップスターの帰還（172）【フルカラー】,[著]シャワンイン,30,3,[発行]閲文漫画
2023/06/23,【タテコミ】転生：トップスターの帰還（172）【フルカラー】,[著]シャワンイン,60,0,[発行]閲文漫画
2023/06/30,【タテコミ】転生：トップスターの帰還（173）【フルカラー】,[著]シャワンイン,30,3,[発行]閲文漫画
2023/06/30,【タテコミ】転生：トップスターの帰還（173）【フルカラー】,[著]シャワンイン,60,0,[発行]閲文漫画
2023/07/07,【タテコミ】転生：トップスターの帰還（174）【フルカラー】,[著]シャワンイン,30,3,[発行]閲文漫画
2023/07/07,【タテコミ】転生：トップスターの帰還（174）【フルカラー】,[著]シャワンイン,60,0,[発行]閲文漫画
2023/07/14,【タテコミ】転生：トップスターの帰還（175）【フルカラー】,[著]シャワンイン,30,3,[発行]閲文漫画
2023/07/14,【タテコミ】転生：トップスターの帰還（175）【フルカラー】,[著]シャワンイン,60,0,[発行]閲文漫画
2023/07/21,【タテコミ】転生：トップスターの帰還（176）【フルカラー】,[著]シャワンイン,30,3,[発行]閲文漫画
2023/07/21,【タテコミ】転生：トップスターの帰還（176）【フルカラー】,[著]シャワンイン,60,0,[発行]閲文漫画
2023/07/28,【タテコミ】転生：トップスターの帰還（177）【フルカラー】,[著]シャワンイン,30,5,[発行]閲文漫画
2023/07/28,【タテコミ】転生：トップスターの帰還（177）【フルカラー】,[著]シャワンイン,60,0,[発行]閲文漫画
2023/08/04,【タテコミ】転生：トップスターの帰還（178）【フルカラー】,[著]シャワンイン,30,31,[発行]閲文漫画
2023/08/04,【タテコミ】転生：トップスターの帰還（178）【フルカラー】,[著]シャワンイン,60,16,[発行]閲文漫画
2023/08/11,【タテコミ】転生：トップスターの帰還（179）【フルカラー】,[著]シャワンイン,30,33,[発行]閲文漫画
2023/08/11,【タテコミ】転生：トップスターの帰還（179）【フルカラー】,[著]シャワンイン,60,15,[発行]閲文漫画
2023/08/18,【タテコミ】転生：トップスターの帰還（180）【フルカラー】,[著]シャワンイン,30,34,[発行]閲文漫画
2023/08/18,【タテコミ】転生：トップスターの帰還（180）【フルカラー】,[著]シャワンイン,60,13,[発行]閲文漫画
2023/08/25,【タテコミ】転生：トップスターの帰還（181）【フルカラー】,[著]シャワンイン,30,28,[発行]閲文漫画
2023/08/25,【タテコミ】転生：トップスターの帰還（181）【フルカラー】,[著]シャワンイン,60,14,[発行]閲文漫画
2022/07/15,【タテコミ】その魔女を放せ（151）【フルカラー】,[著]二目,30,8,[発行]閲文漫画
2022/07/15,【タテコミ】その魔女を放せ（151）【フルカラー】,[著]二目,60,2,[発行]閲文漫画
2022/07/22,【タテコミ】その魔女を放せ（152）【フルカラー】,[著]二目,30,8,[発行]閲文漫画
2022/07/22,【タテコミ】その魔女を放せ（152）【フルカラー】,[著]二目,60,2,[発行]閲文漫画
2022/07/29,【タテコミ】その魔女を放せ（153）【フルカラー】,[著]二目,30,8,[発行]閲文漫画
2022/07/29,【タテコミ】その魔女を放せ（153）【フルカラー】,[著]二目,60,2,[発行]閲文漫画
2022/08/05,【タテコミ】その魔女を放せ（154）【フルカラー】,[著]二目,30,8,[発行]閲文漫画
2022/08/05,【タテコミ】その魔女を放せ（154）【フルカラー】,[著]二目,60,2,[発行]閲文漫画
2022/08/12,【タテコミ】その魔女を放せ（155）【フルカラー】,[著]二目,30,9,[発行]閲文漫画
2022/08/12,【タテコミ】その魔女を放せ（155）【フルカラー】,[著]二目,60,2,[発行]閲文漫画
2022/08/19,【タテコミ】その魔女を放せ（156）【フルカラー】,[著]二目,30,9,[発行]閲文漫画
2022/08/19,【タテコミ】その魔女を放せ（156）【フルカラー】,[著]二目,60,2,[発行]閲文漫画
2022/08/26,【タテコミ】その魔女を放せ（157）【フルカラー】,[著]二目,30,9,[発行]閲文漫画
2022/08/26,【タテコミ】その魔女を放せ（157）【フルカラー】,[著]二目,60,2,[発行]閲文漫画
2022/09/02,【タテコミ】その魔女を放せ（158）【フルカラー】,[著]二目,30,8,[発行]閲文漫画
2022/09/02,【タテコミ】その魔女を放せ（158）【フルカラー】,[著]二目,60,2,[発行]閲文漫画
2022/09/09,【タテコミ】その魔女を放せ（159）【フルカラー】,[著]二目,30,8,[発行]閲文漫画
2022/09/09,【タテコミ】その魔女を放せ（159）【フルカラー】,[著]二目,60,2,[発行]閲文漫画
2022/09/16,【タテコミ】その魔女を放せ（160）【フルカラー】,[著]二目,30,8,[発行]閲文漫画
2022/09/16,【タテコミ】その魔女を放せ（160）【フルカラー】,[著]二目,60,3,[発行]閲文漫画
2022/09/23,【タテコミ】その魔女を放せ（161）【フルカラー】,[著]二目,30,9,[発行]閲文漫画
2022/09/23,【タテコミ】その魔女を放せ（161）【フルカラー】,[著]二目,60,3,[発行]閲文漫画
2022/09/30,【タテコミ】その魔女を放せ（162）【フルカラー】,[著]二目,30,9,[発行]閲文漫画
2022/09/30,【タテコミ】その魔女を放せ（162）【フルカラー】,[著]二目,60,3,[発行]閲文漫画
2022/10/07,【タテコミ】その魔女を放せ（163）【フルカラー】,[著]二目,30,9,[発行]閲文漫画
2022/10/07,【タテコミ】その魔女を放せ（163）【フルカラー】,[著]二目,60,3,[発行]閲文漫画
2022/10/14,【タテコミ】その魔女を放せ（164）【フルカラー】,[著]二目,30,9,[発行]閲文漫画
2022/10/14,【タテコミ】その魔女を放せ（164）【フルカラー】,[著]二目,60,3,[発行]閲文漫画
2022/10/21,【タテコミ】その魔女を放せ（165）【フルカラー】,[著]二目,30,7,[発行]閲文漫画
2022/10/21,【タテコミ】その魔女を放せ（165）【フルカラー】,[著]二目,60,3,[発行]閲文漫画
2022/10/28,【タテコミ】その魔女を放せ（166）【フルカラー】,[著]二目,30,7,[発行]閲文漫画
2022/10/28,【タテコミ】その魔女を放せ（166）【フルカラー】,[著]二目,60,3,[発行]閲文漫画
2022/11/04,【タテコミ】その魔女を放せ（167）【フルカラー】,[著]二目,30,7,[発行]閲文漫画
2022/11/04,【タテコミ】その魔女を放せ（167）【フルカラー】,[著]二目,60,3,[発行]閲文漫画
2022/11/11,【タテコミ】その魔女を放せ（168）【フルカラー】,[著]二目,30,7,[発行]閲文漫画
2022/11/11,【タテコミ】その魔女を放せ（168）【フルカラー】,[著]二目,60,3,[発行]閲文漫画
2022/11/18,【タテコミ】その魔女を放せ（169）【フルカラー】,[著]二目,30,7,[発行]閲文漫画
2022/11/18,【タテコミ】その魔女を放せ（169）【フルカラー】,[著]二目,60,3,[発行]閲文漫画
2022/11/29,【タテコミ】その魔女を放せ（170）【フルカラー】,[著]二目,30,9,[発行]閲文漫画
2022/11/29,【タテコミ】その魔女を放せ（170）【フルカラー】,[著]二目,60,3,[発行]閲文漫画
2022/12/06,【タテコミ】その魔女を放せ（171）【フルカラー】,[著]二目,30,9,[発行]閲文漫画
2022/12/06,【タテコミ】その魔女を放せ（171）【フルカラー】,[著]二目,60,4,[発行]閲文漫画
2022/12/13,【タテコミ】その魔女を放せ（172）【フルカラー】,[著]二目,30,9,[発行]閲文漫画
2022/12/13,【タテコミ】その魔女を放せ（172）【フルカラー】,[著]二目,60,4,[発行]閲文漫画
2022/12/20,【タテコミ】その魔女を放せ（173）【フルカラー】,[著]二目,30,9,[発行]閲文漫画
2022/12/20,【タテコミ】その魔女を放せ（173）【フルカラー】,[著]二目,60,4,[発行]閲文漫画
2022/12/27,【タテコミ】その魔女を放せ（174）【フルカラー】,[著]二目,30,9,[発行]閲文漫画
2022/12/27,【タテコミ】その魔女を放せ（174）【フルカラー】,[著]二目,60,3,[発行]閲文漫画
2023/01/03,【タテコミ】その魔女を放せ（175）【フルカラー】,[著]二目,30,9,[発行]閲文漫画
2023/01/03,【タテコミ】その魔女を放せ（175）【フルカラー】,[著]二目,60,3,[発行]閲文漫画
2022/08/09,落とせないお嬢様は復讐一筋（1）列車痴漢,[著]iCiyuan,50,0,[発行]軽漫文化
2022/08/09,落とせないお嬢様は復讐一筋（2）絶体絶命,[著]iCiyuan,50,0,[発行]軽漫文化
2022/08/09,落とせないお嬢様は復讐一筋（3）初勝利,[著]iCiyuan,50,0,[発行]軽漫文化
2022/08/09,落とせないお嬢様は復讐一筋（4）一歩上,[著]iCiyuan,50,0,[発行]軽漫文化
2022/08/09,落とせないお嬢様は復讐一筋（5）婚約祝い,[著]iCiyuan,50,0,[発行]軽漫文化
2022/08/16,落とせないお嬢様は復讐一筋（6）少帥もう一度抱いて,[著]iCiyuan,30,4,[発行]軽漫文化
2022/08/16,落とせないお嬢様は復讐一筋（6）少帥もう一度抱いて,[著]iCiyuan,50,2,[発行]軽漫文化
2022/08/23,落とせないお嬢様は復讐一筋（7）彼女の前で交歓,[著]iCiyuan,30,4,[発行]軽漫文化
2022/08/23,落とせないお嬢様は復讐一筋（7）彼女の前で交歓,[著]iCiyuan,50,2,[発行]軽漫文化
2022/08/30,落とせないお嬢様は復讐一筋（8）悪には悪を,[著]iCiyuan,30,3,[発行]軽漫文化
2022/08/30,落とせないお嬢様は復讐一筋（8）悪には悪を,[著]iCiyuan,50,2,[発行]軽漫文化
2022/09/06,落とせないお嬢様は復讐一筋（9）督軍夫人の企み,[著]iCiyuan,30,3,[発行]軽漫文化
2022/09/06,落とせないお嬢様は復讐一筋（9）督軍夫人の企み,[著]iCiyuan,50,2,[発行]軽漫文化
2022/09/13,落とせないお嬢様は復讐一筋（10）情熱のワルツ,[著]iCiyuan,30,3,[発行]軽漫文化
2022/09/13,落とせないお嬢様は復讐一筋（10）情熱のワルツ,[著]iCiyuan,50,2,[発行]軽漫文化
2022/09/20,落とせないお嬢様は復讐一筋（11）頭角を現わす,[著]iCiyuan,30,2,[発行]軽漫文化
2022/09/20,落とせないお嬢様は復讐一筋（11）頭角を現わす,[著]iCiyuan,50,2,[発行]軽漫文化
2022/09/27,落とせないお嬢様は復讐一筋（12）暴く,[著]iCiyuan,30,2,[発行]軽漫文化
2022/09/27,落とせないお嬢様は復讐一筋（12）暴く,[著]iCiyuan,50,2,[発行]軽漫文化
2022/10/04,落とせないお嬢様は復讐一筋（13）蛇蝎視,[著]iCiyuan,30,2,[発行]軽漫文化
2022/10/04,落とせないお嬢様は復讐一筋（13）蛇蝎視,[著]iCiyuan,50,2,[発行]軽漫文化
2022/10/11,落とせないお嬢様は復讐一筋（14）頼れる人,[著]iCiyuan,30,2,[発行]軽漫文化
2022/10/11,落とせないお嬢様は復讐一筋（14）頼れる人,[著]iCiyuan,50,2,[発行]軽漫文化
2022/10/18,落とせないお嬢様は復讐一筋（15）能ある鷹は爪を隠す,[著]iCiyuan,30,2,[発行]軽漫文化
2022/10/18,落とせないお嬢様は復讐一筋（15）能ある鷹は爪を隠す,[著]iCiyuan,50,2,[発行]軽漫文化
2022/10/25,落とせないお嬢様は復讐一筋（16）同盟を結ぶ,[著]iCiyuan,30,2,[発行]軽漫文化
2022/10/25,落とせないお嬢様は復讐一筋（16）同盟を結ぶ,[著]iCiyuan,50,2,[発行]軽漫文化
2022/11/01,落とせないお嬢様は復讐一筋（17）司公館,[著]iCiyuan,30,1,[発行]軽漫文化
2022/11/01,落とせないお嬢様は復讐一筋（17）司公館,[著]iCiyuan,50,3,[発行]軽漫文化
2022/11/08,落とせないお嬢様は復讐一筋（18）迎合,[著]iCiyuan,30,1,[発行]軽漫文化
2022/11/08,落とせないお嬢様は復讐一筋（18）迎合,[著]iCiyuan,50,3,[発行]軽漫文化
2022/11/15,落とせないお嬢様は復讐一筋（19）犬猿の仲,[著]iCiyuan,30,1,[発行]軽漫文化
2022/11/15,落とせないお嬢様は復讐一筋（19）犬猿の仲,[著]iCiyuan,50,3,[発行]軽漫文化
2022/11/22,落とせないお嬢様は復讐一筋（20）医者議論,[著]iCiyuan,30,1,[発行]軽漫文化
2022/11/22,落とせないお嬢様は復讐一筋（20）医者議論,[著]iCiyuan,50,3,[発行]軽漫文化
2022/11/29,落とせないお嬢様は復讐一筋（21）胸算用が外れる,[著]iCiyuan,30,1,[発行]軽漫文化
2022/11/29,落とせないお嬢様は復讐一筋（21）胸算用が外れる,[著]iCiyuan,50,3,[発行]軽漫文化
2022/12/06,落とせないお嬢様は復讐一筋（22）予想外,[著]iCiyuan,30,1,[発行]軽漫文化
2022/12/06,落とせないお嬢様は復讐一筋（22）予想外,[著]iCiyuan,50,3,[発行]軽漫文化
2022/12/13,落とせないお嬢様は復讐一筋（23）大奥様の褒美,[著]iCiyuan,30,1,[発行]軽漫文化
2022/12/13,落とせないお嬢様は復讐一筋（23）大奥様の褒美,[著]iCiyuan,50,3,[発行]軽漫文化
2022/12/20,落とせないお嬢様は復讐一筋（24）ビクビクする訪問,[著]iCiyuan,30,1,[発行]軽漫文化
2022/12/20,落とせないお嬢様は復讐一筋（24）ビクビクする訪問,[著]iCiyuan,50,3,[発行]軽漫文化
2022/12/27,落とせないお嬢様は復讐一筋（25）この変態なにをする気？,[著]iCiyuan,30,1,[発行]軽漫文化
2022/12/27,落とせないお嬢様は復讐一筋（25）この変態なにをする気？,[著]iCiyuan,50,3,[発行]軽漫文化
2023/01/03,落とせないお嬢様は復讐一筋（26）俺の女になるか,[著]iCiyuan,30,1,[発行]軽漫文化
2023/01/03,落とせないお嬢様は復讐一筋（26）俺の女になるか,[著]iCiyuan,50,3,[発行]軽漫文化
2023/01/10,落とせないお嬢様は復讐一筋（27）薬屋のお手伝いさん,[著]iCiyuan,30,1,[発行]軽漫文化
2023/01/10,落とせないお嬢様は復讐一筋（27）薬屋のお手伝いさん,[著]iCiyuan,50,3,[発行]軽漫文化
2023/01/17,落とせないお嬢様は復讐一筋（28）只より高い物はない,[著]iCiyuan,30,1,[発行]軽漫文化
2023/01/17,落とせないお嬢様は復讐一筋（28）只より高い物はない,[著]iCiyuan,50,3,[発行]軽漫文化
2023/01/24,落とせないお嬢様は復讐一筋（29）硝煙のない戦,[著]iCiyuan,30,1,[発行]軽漫文化
2023/01/24,落とせないお嬢様は復讐一筋（29）硝煙のない戦,[著]iCiyuan,50,3,[発行]軽漫文化
2023/01/31,落とせないお嬢様は復讐一筋（30）自業自得,[著]iCiyuan,30,1,[発行]軽漫文化
2023/01/31,落とせないお嬢様は復讐一筋（30）自業自得,[著]iCiyuan,50,3,[発行]軽漫文化
2023/02/07,落とせないお嬢様は復讐一筋（31）司律,[著]iCiyuan,30,1,[発行]軽漫文化
2023/02/07,落とせないお嬢様は復讐一筋（31）司律,[著]iCiyuan,50,3,[発行]軽漫文化
2023/02/14,落とせないお嬢様は復讐一筋（32）カメラ,[著]iCiyuan,30,1,[発行]軽漫文化
2023/02/14,落とせないお嬢様は復讐一筋（32）カメラ,[著]iCiyuan,50,3,[発行]軽漫文化
2023/02/21,落とせないお嬢様は復讐一筋（33）取引条件,[著]iCiyuan,30,1,[発行]軽漫文化
2023/02/21,落とせないお嬢様は復讐一筋（33）取引条件,[著]iCiyuan,50,3,[発行]軽漫文化
2023/02/28,落とせないお嬢様は復讐一筋（34）千雪の算段,[著]iCiyuan,30,1,[発行]軽漫文化
2023/02/28,落とせないお嬢様は復讐一筋（34）千雪の算段,[著]iCiyuan,50,3,[発行]軽漫文化
2023/03/07,落とせないお嬢様は復讐一筋（35）顧家の長男,[著]iCiyuan,30,1,[発行]軽漫文化
2023/03/07,落とせないお嬢様は復讐一筋（35）顧家の長男,[著]iCiyuan,50,2,[発行]軽漫文化
2023/03/14,落とせないお嬢様は復讐一筋（36）舞踏会の嵐,[著]iCiyuan,30,1,[発行]軽漫文化
2023/03/14,落とせないお嬢様は復讐一筋（36）舞踏会の嵐,[著]iCiyuan,50,2,[発行]軽漫文化
2023/03/21,落とせないお嬢様は復讐一筋（37）暗殺,[著]iCiyuan,30,1,[発行]軽漫文化
2023/03/21,落とせないお嬢様は復讐一筋（37）暗殺,[著]iCiyuan,50,2,[発行]軽漫文化
2023/03/28,落とせないお嬢様は復讐一筋（38）逆転,[著]iCiyuan,30,1,[発行]軽漫文化
2023/03/28,落とせないお嬢様は復讐一筋（38）逆転,[著]iCiyuan,50,2,[発行]軽漫文化
2023/04/04,落とせないお嬢様は復讐一筋（39）司祐真の優しさ,[著]iCiyuan,30,1,[発行]軽漫文化
2023/04/04,落とせないお嬢様は復讐一筋（39）司祐真の優しさ,[著]iCiyuan,50,2,[発行]軽漫文化
2023/04/11,落とせないお嬢様は復讐一筋（40）双子、決裂,[著]iCiyuan,30,1,[発行]軽漫文化
2023/04/11,落とせないお嬢様は復讐一筋（40）双子、決裂,[著]iCiyuan,50,2,[発行]軽漫文化
2023/04/18,落とせないお嬢様は復讐一筋（41）司家宴会,[著]iCiyuan,30,1,[発行]軽漫文化
2023/04/18,落とせないお嬢様は復讐一筋（41）司家宴会,[著]iCiyuan,50,2,[発行]軽漫文化
2023/04/25,落とせないお嬢様は復讐一筋（42）すれ違い,[著]iCiyuan,30,1,[発行]軽漫文化
2023/04/25,落とせないお嬢様は復讐一筋（42）すれ違い,[著]iCiyuan,50,2,[発行]軽漫文化
2023/05/02,落とせないお嬢様は復讐一筋（43）問診,[著]iCiyuan,30,1,[発行]軽漫文化
2023/05/02,落とせないお嬢様は復讐一筋（43）問診,[著]iCiyuan,50,2,[発行]軽漫文化
2023/05/09,落とせないお嬢様は復讐一筋（44）ヤブ医者,[著]iCiyuan,30,1,[発行]軽漫文化
2023/05/09,落とせないお嬢様は復讐一筋（44）ヤブ医者,[著]iCiyuan,50,2,[発行]軽漫文化
2023/05/16,落とせないお嬢様は復讐一筋（45）病状好転,[著]iCiyuan,30,1,[発行]軽漫文化
2023/05/16,落とせないお嬢様は復讐一筋（45）病状好転,[著]iCiyuan,50,2,[発行]軽漫文化
2023/05/23,落とせないお嬢様は復讐一筋（46）馬脚を露わす,[著]iCiyuan,30,1,[発行]軽漫文化
2023/05/23,落とせないお嬢様は復讐一筋（46）馬脚を露わす,[著]iCiyuan,50,2,[発行]軽漫文化
2023/05/30,落とせないお嬢様は復讐一筋（47）明水来訪,[著]iCiyuan,30,1,[発行]軽漫文化
2023/05/30,落とせないお嬢様は復讐一筋（47）明水来訪,[著]iCiyuan,50,2,[発行]軽漫文化
2023/06/06,落とせないお嬢様は復讐一筋（48）林家の養女,[著]iCiyuan,30,1,[発行]軽漫文化
2023/06/06,落とせないお嬢様は復讐一筋（48）林家の養女,[著]iCiyuan,50,2,[発行]軽漫文化
2023/06/13,落とせないお嬢様は復讐一筋（49）入学プレゼント,[著]iCiyuan,30,1,[発行]軽漫文化
2023/06/13,落とせないお嬢様は復讐一筋（49）入学プレゼント,[著]iCiyuan,50,2,[発行]軽漫文化
2023/06/20,落とせないお嬢様は復讐一筋（50）離間,[著]iCiyuan,30,1,[発行]軽漫文化
2023/06/20,落とせないお嬢様は復讐一筋（50）離間,[著]iCiyuan,50,2,[発行]軽漫文化
2023/06/27,落とせないお嬢様は復讐一筋（51）恥,[著]iCiyuan,30,1,[発行]軽漫文化
2023/06/27,落とせないお嬢様は復讐一筋（51）恥,[著]iCiyuan,50,2,[発行]軽漫文化
2023/07/04,落とせないお嬢様は復讐一筋（52）罰,[著]iCiyuan,30,1,[発行]軽漫文化
2023/07/04,落とせないお嬢様は復讐一筋（52）罰,[著]iCiyuan,50,2,[発行]軽漫文化
2023/07/11,落とせないお嬢様は復讐一筋（53）偶然の出会い,[著]iCiyuan,30,1,[発行]軽漫文化
2023/07/11,落とせないお嬢様は復讐一筋（53）偶然の出会い,[著]iCiyuan,50,2,[発行]軽漫文化
2023/07/18,落とせないお嬢様は復讐一筋（54）嫉妬の炎,[著]iCiyuan,30,1,[発行]軽漫文化
2023/07/18,落とせないお嬢様は復讐一筋（54）嫉妬の炎,[著]iCiyuan,50,2,[発行]軽漫文化
2023/07/25,落とせないお嬢様は復讐一筋（55）好きとは,[著]iCiyuan,30,1,[発行]軽漫文化
2023/07/25,落とせないお嬢様は復讐一筋（55）好きとは,[著]iCiyuan,50,3,[発行]軽漫文化
2023/08/01,落とせないお嬢様は復讐一筋（56）第四側室,[著]iCiyuan,30,8,[発行]軽漫文化
2023/08/01,落とせないお嬢様は復讐一筋（56）第四側室,[著]iCiyuan,50,15,[発行]軽漫文化
2023/08/08,落とせないお嬢様は復讐一筋（57）霞の企み,[著]iCiyuan,30,7,[発行]軽漫文化
2023/08/08,落とせないお嬢様は復讐一筋（57）霞の企み,[著]iCiyuan,50,14,[発行]軽漫文化
2023/08/15,落とせないお嬢様は復讐一筋（58）明水のけが,[著]iCiyuan,30,9,[発行]軽漫文化
2023/08/15,落とせないお嬢様は復讐一筋（58）明水のけが,[著]iCiyuan,50,12,[発行]軽漫文化
2023/08/22,落とせないお嬢様は復讐一筋（59）学校の庇い,[著]iCiyuan,30,11,[発行]軽漫文化
2023/08/22,落とせないお嬢様は復讐一筋（59）学校の庇い,[著]iCiyuan,50,11,[発行]軽漫文化
2023/08/29,落とせないお嬢様は復讐一筋（60）漏洩事件,[著]iCiyuan,30,4,[発行]軽漫文化
2023/08/29,落とせないお嬢様は復讐一筋（60）漏洩事件,[著]iCiyuan,50,11,[発行]軽漫文化
2023/02/14,【タテコミ】その魔女を放せ（176）【フルカラー】,[著]二目,30,9,[発行]閲文漫画
2023/02/14,【タテコミ】その魔女を放せ（176）【フルカラー】,[著]二目,60,4,[発行]閲文漫画
2023/02/21,【タテコミ】その魔女を放せ（177）【フルカラー】,[著]二目,30,9,[発行]閲文漫画
2023/02/21,【タテコミ】その魔女を放せ（177）【フルカラー】,[著]二目,60,4,[発行]閲文漫画
2023/02/28,【タテコミ】その魔女を放せ（178）【フルカラー】,[著]二目,30,9,[発行]閲文漫画
2023/02/28,【タテコミ】その魔女を放せ（178）【フルカラー】,[著]二目,60,4,[発行]閲文漫画
2023/03/07,【タテコミ】その魔女を放せ（179）【フルカラー】,[著]二目,30,10,[発行]閲文漫画
2023/03/07,【タテコミ】その魔女を放せ（179）【フルカラー】,[著]二目,60,4,[発行]閲文漫画
2023/03/14,【タテコミ】その魔女を放せ（180）【フルカラー】,[著]二目,30,10,[発行]閲文漫画
2023/03/14,【タテコミ】その魔女を放せ（180）【フルカラー】,[著]二目,60,4,[発行]閲文漫画
2023/03/21,【タテコミ】その魔女を放せ（181）【フルカラー】,[著]二目,30,10,[発行]閲文漫画
2023/03/21,【タテコミ】その魔女を放せ（181）【フルカラー】,[著]二目,60,4,[発行]閲文漫画
2023/03/28,【タテコミ】その魔女を放せ（182）【フルカラー】,[著]二目,30,9,[発行]閲文漫画
2023/03/28,【タテコミ】その魔女を放せ（182）【フルカラー】,[著]二目,60,4,[発行]閲文漫画
2023/04/04,【タテコミ】その魔女を放せ（183）【フルカラー】,[著]二目,30,9,[発行]閲文漫画
2023/04/04,【タテコミ】その魔女を放せ（183）【フルカラー】,[著]二目,60,4,[発行]閲文漫画
2023/04/11,【タテコミ】その魔女を放せ（184）【フルカラー】,[著]二目,30,9,[発行]閲文漫画
2023/04/11,【タテコミ】その魔女を放せ（184）【フルカラー】,[著]二目,60,4,[発行]閲文漫画
2023/04/18,【タテコミ】その魔女を放せ（185）【フルカラー】,[著]二目,30,9,[発行]閲文漫画
2023/04/18,【タテコミ】その魔女を放せ（185）【フルカラー】,[著]二目,60,4,[発行]閲文漫画
2023/04/25,【タテコミ】その魔女を放せ（186）【フルカラー】,[著]二目,30,9,[発行]閲文漫画
2023/04/25,【タテコミ】その魔女を放せ（186）【フルカラー】,[著]二目,60,5,[発行]閲文漫画
2023/05/02,【タテコミ】その魔女を放せ（187）【フルカラー】,[著]二目,30,10,[発行]閲文漫画
2023/05/02,【タテコミ】その魔女を放せ（187）【フルカラー】,[著]二目,60,5,[発行]閲文漫画
2023/05/09,【タテコミ】その魔女を放せ（188）【フルカラー】,[著]二目,30,11,[発行]閲文漫画
2023/05/09,【タテコミ】その魔女を放せ（188）【フルカラー】,[著]二目,60,7,[発行]閲文漫画
2023/05/16,【タテコミ】その魔女を放せ（189）【フルカラー】,[著]二目,30,10,[発行]閲文漫画
2023/05/16,【タテコミ】その魔女を放せ（189）【フルカラー】,[著]二目,60,8,[発行]閲文漫画
2023/05/23,【タテコミ】その魔女を放せ（190）【フルカラー】,[著]二目,30,10,[発行]閲文漫画
2023/05/23,【タテコミ】その魔女を放せ（190）【フルカラー】,[著]二目,60,9,[発行]閲文漫画
2023/05/30,【タテコミ】その魔女を放せ（191）【フルカラー】,[著]二目,30,10,[発行]閲文漫画
2023/05/30,【タテコミ】その魔女を放せ（191）【フルカラー】,[著]二目,60,9,[発行]閲文漫画
2023/06/06,【タテコミ】その魔女を放せ（192）【フルカラー】,[著]二目,30,10,[発行]閲文漫画
2023/06/06,【タテコミ】その魔女を放せ（192）【フルカラー】,[著]二目,60,9,[発行]閲文漫画
2023/06/13,【タテコミ】その魔女を放せ（193）【フルカラー】,[著]二目,30,11,[発行]閲文漫画
2023/06/13,【タテコミ】その魔女を放せ（193）【フルカラー】,[著]二目,60,9,[発行]閲文漫画
2023/06/20,【タテコミ】その魔女を放せ（194）【フルカラー】,[著]二目,30,13,[発行]閲文漫画
2023/06/20,【タテコミ】その魔女を放せ（194）【フルカラー】,[著]二目,60,11,[発行]閲文漫画
2023/06/27,【タテコミ】その魔女を放せ（195）【フルカラー】,[著]二目,30,14,[発行]閲文漫画
2023/06/27,【タテコミ】その魔女を放せ（195）【フルカラー】,[著]二目,60,10,[発行]閲文漫画
2023/07/04,【タテコミ】その魔女を放せ（196）【フルカラー】,[著]二目,30,16,[発行]閲文漫画
2023/07/04,【タテコミ】その魔女を放せ（196）【フルカラー】,[著]二目,60,12,[発行]閲文漫画
2023/07/11,【タテコミ】その魔女を放せ（197）【フルカラー】,[著]二目,30,16,[発行]閲文漫画
2023/07/11,【タテコミ】その魔女を放せ（197）【フルカラー】,[著]二目,60,14,[発行]閲文漫画
2023/07/18,【タテコミ】その魔女を放せ（198）【フルカラー】,[著]二目,30,20,[発行]閲文漫画
2023/07/18,【タテコミ】その魔女を放せ（198）【フルカラー】,[著]二目,60,15,[発行]閲文漫画
2023/07/25,【タテコミ】その魔女を放せ（199）【フルカラー】,[著]二目,30,20,[発行]閲文漫画
2023/07/25,【タテコミ】その魔女を放せ（199）【フルカラー】,[著]二目,60,26,[発行]閲文漫画
2023/08/01,【タテコミ】その魔女を放せ（200）【フルカラー】,[著]二目,30,83,[発行]閲文漫画
2023/08/01,【タテコミ】その魔女を放せ（200）【フルカラー】,[著]二目,60,185,[発行]閲文漫画
2023/08/08,【タテコミ】その魔女を放せ（201）【フルカラー】,[著]二目,30,81,[発行]閲文漫画
2023/08/08,【タテコミ】その魔女を放せ（201）【フルカラー】,[著]二目,60,181,[発行]閲文漫画
2023/08/15,【タテコミ】その魔女を放せ（202）【フルカラー】,[著]二目,30,79,[発行]閲文漫画
2023/08/15,【タテコミ】その魔女を放せ（202）【フルカラー】,[著]二目,60,174,[発行]閲文漫画
2023/08/22,【タテコミ】その魔女を放せ（203）【フルカラー】,[著]二目,30,76,[発行]閲文漫画
2023/08/22,【タテコミ】その魔女を放せ（203）【フルカラー】,[著]二目,60,166,[発行]閲文漫画
2023/08/29,【タテコミ】その魔女を放せ（204）【フルカラー】,[著]二目,30,65,[発行]閲文漫画
2023/08/29,【タテコミ】その魔女を放せ（204）【フルカラー】,[著]二目,60,146,[発行]閲文漫画
